id_cp_interaction,interacting_pair,partner_a,partner_b,gene_a,gene_b,secreted,receptor_a,receptor_b,annotation_strategy,is_integrin,rank,microglia_4|microglia_4,microglia_4|microglia_5,microglia_4|oligos_7,microglia_4|opcs_2,microglia_4|opcs_9,microglia_5|microglia_4,microglia_5|microglia_5,microglia_5|oligos_7,microglia_5|opcs_2,microglia_5|opcs_9,oligos_7|microglia_4,oligos_7|microglia_5,oligos_7|oligos_7,oligos_7|opcs_2,oligos_7|opcs_9,opcs_2|microglia_4,opcs_2|microglia_5,opcs_2|oligos_7,opcs_2|opcs_2,opcs_2|opcs_9,opcs_9|microglia_4,opcs_9|microglia_5,opcs_9|oligos_7,opcs_9|opcs_2,opcs_9|opcs_9
CPI-SS0D0252D87,AXL_IL15RA,simple:P30530,simple:Q13261,ENSG00000167601,ENSG00000134470,TRUE,TRUE,TRUE,I2D,FALSE,0.04,,0.251,,,,,,,,,,,,,,,,,,,,,,,
CPI-SS0ACD487F0,L1CAM_L1CAM,simple:P32004,simple:P32004,ENSG00000198910,ENSG00000198910,FALSE,FALSE,FALSE,curated,FALSE,0.04,0.133,,,,,,,,,,,,,,,,,,,,,,,,
CPI-SS0DC4D593E,EPHB6_EFNB1,simple:O15197,simple:P98172,ENSG00000106123,ENSG00000090776,TRUE,TRUE,FALSE,curated,FALSE,0.04,,,,,,,,,,,,,,,,,0.145,,,,,,,,
CPI-SS077B160B9,IL15_IL15RA,simple:P40933,simple:Q13261,ENSG00000164136,ENSG00000134470,TRUE,FALSE,TRUE,guidetopharmacology.org,FALSE,0.04,,0.213,,,,,,,,,,,,,,,,,,,,,,,
CPI-SC07BE7830D,SPP1_a4b1 complex,simple:P10451,complex:a4b1 complex,ENSG00000118785,,TRUE,FALSE,FALSE,curated,TRUE,0.04,41.618,,,,,,,,,,,,,,,,,,,,,,,,
CPI-SS03821C2C6,PF4_ACKR1,simple:P02776,simple:Q16570,ENSG00000163737,ENSG00000213088,TRUE,FALSE,TRUE,"I2D,InnateDB",FALSE,0.04,,,0.156,,,,,,,,,,,,,,,,,,,,,,
CPI-SS0E928B8C8,FGF7_FGFR2,simple:P21781,simple:P21802,ENSG00000140285,ENSG00000066468,TRUE,FALSE,TRUE,"I2D,IMEx,InnateDB-All,IntAct",FALSE,0.04,,,,,,,,,,,,,0.228,,,,,,,,,,,,
CPI-SC0E9C058EB,PLAUR_a4b1 complex,simple:Q03405,complex:a4b1 complex,ENSG00000011422,,TRUE,TRUE,FALSE,curated,TRUE,0.04,0.419,,,,,,,,,,,,,,,,,,,,,,,,
CPI-SS0AB647854,GPR37_PSAP,simple:O15354,simple:P07602,ENSG00000170775,ENSG00000197746,TRUE,TRUE,FALSE,guidetopharmacology.org,FALSE,0.04,,,,,,,,,,,15.922,,,,,,,,,,,,,,
CPI-SS0DE0A486F,NRP1_VEGFA,simple:O14786,simple:P15692,ENSG00000099250,ENSG00000112715,TRUE,TRUE,FALSE,curated,FALSE,0.04,,,3.449,,,,,,,,,,,,,,,,,,,,,,
CPI-SS0CC898553,FGFR2_PTPRR,simple:P21802,simple:Q15256,ENSG00000066468,ENSG00000153233,TRUE,TRUE,TRUE,InnateDB-All,FALSE,0.04,,,,,,,,,,,,,,,0.216,,,,,,,,,,
CPI-SS0DBFB8BEA,CCL2_ACKR1,simple:P13500,simple:Q16570,ENSG00000108691,ENSG00000213088,TRUE,FALSE,TRUE,curated,FALSE,0.04,,,,,,,,0.279,,,,,,,,,,,,,,,,,
CPI-SS0795802F6,CCL4_SLC7A1,simple:P13236,simple:P30825,ENSG00000275302,ENSG00000139514,TRUE,FALSE,TRUE,"IMEx,IntAct",FALSE,0.04,,,,,,,0.666,,,,,,,,,,,,,,,,,,
CPI-SC0592EC3D0,L1CAM_a5b1 complex,simple:P32004,complex:a5b1 complex,ENSG00000198910,,FALSE,FALSE,FALSE,curated,TRUE,0.04,0.122,,,,,,,,,,,,,,,,,,,,,,,,
CPI-CS085EF890A,ACVR_1B2B receptor_INHBB,complex:ACVR_1B2B receptor,simple:P09529,,ENSG00000163083,TRUE,TRUE,FALSE,curated,FALSE,0.08,,,,0.122,0.137,,,,,,,,,,,,,,,,,,,,
CPI-SS07833475A,FGFR1_FGF7,simple:P11362,simple:P21781,ENSG00000077782,ENSG00000140285,TRUE,TRUE,FALSE,I2D,FALSE,0.08,,,,,,,,,,,,,,,,,,0.16,,,,,0.205,,
CPI-SS0097929A7,BMP7_SLAMF1,simple:P18075,simple:Q13291,ENSG00000101144,ENSG00000117090,TRUE,FALSE,TRUE,InnateDB-All,FALSE,0.08,,,,,,,,,,,,,,,,0.273,,,,,0.375,,,,
CPI-SC0988E0218,SPP1_aVb3 complex,simple:P10451,complex:aVb3 complex,ENSG00000118785,,TRUE,FALSE,FALSE,curated,TRUE,0.08,41.658,41.599,,,,,,,,,,,,,,,,,,,,,,,
CPI-SS03105D292,CSF1_SLC7A1,simple:P09603,simple:P30825,ENSG00000184371,ENSG00000139514,TRUE,FALSE,TRUE,I2D,FALSE,0.08,,1.549,,,1.473,,,,,,,,,,,,,,,,,,,,
CPI-SS048346C2B,LGALS9_MRC2,simple:O00182,simple:Q9UBG0,ENSG00000168961,ENSG00000011028,TRUE,FALSE,TRUE,InnateDB-All,FALSE,0.08,,0.899,,,,,0.941,,,,,,,,,,,,,,,,,,
CPI-SS0ABC5C1B8,CD74_MIF,simple:P04233,simple:P14174,ENSG00000019582,ENSG00000240972,TRUE,TRUE,FALSE,"I2D,InnateDB-All",FALSE,0.08,5.057,,,,,5.015,,,,,,,,,,,,,,,,,,,
CPI-SS0C4E86714,TNFRSF1B_GRN,simple:P20333,simple:P28799,ENSG00000028137,ENSG00000030582,TRUE,TRUE,FALSE,"IMEx,InnateDB-All,MINT",FALSE,0.08,18.029,,,,,17.867,,,,,,,,,,,,,,,,,,,
CPI-CS012D15A88,BMR1A_ACR2A_BMP4,complex:BMR1A_ACR2A,simple:P12644,,ENSG00000125378,TRUE,TRUE,FALSE,curated,FALSE,0.08,,,2.548,,,,,2.558,,,,,,,,,,,,,,,,,
CPI-SS08877A081,LGALS9_COLEC12,simple:O00182,simple:Q5KU26,ENSG00000168961,ENSG00000158270,TRUE,FALSE,TRUE,InnateDB-All,FALSE,0.08,1.089,,,,,1.131,,,,,,,,,,,,,,,,,,,
CPI-SS002DF6C31,LGALS9_SLC1A5,simple:O00182,simple:Q15758,ENSG00000168961,ENSG00000105281,TRUE,FALSE,TRUE,"I2D,InnateDB-All",FALSE,0.08,,0.922,,,,,0.963,,,,,,,,,,,,,,,,,,
CPI-SS014958F32,LGALS9_CD47,simple:O00182,simple:Q08722,ENSG00000168961,ENSG00000196776,TRUE,FALSE,TRUE,InnateDB-All,FALSE,0.08,2.528,,,,,2.569,,,,,,,,,,,,,,,,,,,
CPI-SC095A2C115,PLAUR_aVb3 complex,simple:Q03405,complex:aVb3 complex,ENSG00000011422,,TRUE,TRUE,FALSE,curated,TRUE,0.08,0.46,0.401,,,,,,,,,,,,,,,,,,,,,,,
CPI-SS0D1D95883,CCL4_CCR5,simple:P13236,simple:P51681,ENSG00000275302,ENSG00000160791,TRUE,FALSE,TRUE,curated,FALSE,0.08,,3.641,,,,,3.723,,,,,,,,,,,,,,,,,,
CPI-SC01AB9BED7,SPP1_a9b1 complex,simple:P10451,complex:a9b1 complex,ENSG00000118785,,TRUE,FALSE,FALSE,curated,TRUE,0.08,41.769,41.867,,,,,,,,,,,,,,,,,,,,,,,
CPI-SS00D9A0644,FGFR2_CD83,simple:P21802,simple:Q01151,ENSG00000066468,ENSG00000112149,TRUE,TRUE,TRUE,InnateDB-All,FALSE,0.08,,,,,,,,,,,1.341,0.61,,,,,,,,,,,,,
CPI-SS098425155,ADRB2_VEGFB,simple:P07550,simple:P49765,ENSG00000169252,ENSG00000173511,TRUE,TRUE,FALSE,InnateDB-All,FALSE,0.08,1.653,,,,,1.792,,,,,,,,,,,,,,,,,,,
CPI-SS08DA48A5A,CCL3_CCR1,simple:P10147,simple:P32246,ENSG00000277632,ENSG00000163823,TRUE,FALSE,TRUE,curated,FALSE,0.08,2.788,3.276,,,,,,,,,,,,,,,,,,,,,,,
CPI-SC0A9EB628A,VCAM1_a4b1 complex,simple:P19320,complex:a4b1 complex,ENSG00000162692,,FALSE,FALSE,FALSE,curated,TRUE,0.08,,,,,,,,,,,,,,,,0.529,,,,,0.647,,,,
CPI-SS0E00478B4,NRP2_VEGFA,simple:O60462,simple:P15692,ENSG00000118257,ENSG00000112715,TRUE,TRUE,FALSE,curated,FALSE,0.08,,,0.617,,,,,0.47,,,,,,,,,,,,,,,,,
CPI-CS02899BF8B,ACVR_1B2A receptor_INHBB,complex:ACVR_1B2A receptor,simple:P09529,,ENSG00000163083,TRUE,TRUE,FALSE,curated,FALSE,0.08,,,,0.122,0.137,,,,,,,,,,,,,,,,,,,,
CPI-SC06525B099,L1CAM_aVb3 complex,simple:P32004,complex:aVb3 complex,ENSG00000198910,,FALSE,FALSE,FALSE,curated,TRUE,0.08,0.229,0.17,,,,,,,,,,,,,,,,,,,,,,,
CPI-SC02E74AFA5,MMP2_aVb3 complex,simple:P08253,complex:aVb3 complex,ENSG00000087245,,TRUE,FALSE,FALSE,curated,TRUE,0.08,,,,,,0.248,0.189,,,,,,,,,,,,,,,,,,
CPI-SS07CCAD9BF,GRN_SORT1,simple:P28799,simple:Q99523,ENSG00000030582,ENSG00000134243,TRUE,FALSE,TRUE,"IMEx,InnateDB-All,MINT",FALSE,0.08,17.87,17.763,,,,,,,,,,,,,,,,,,,,,,,
CPI-SS0C694CB44,VEGFA_GRIN2B,simple:P15692,simple:Q13224,ENSG00000112715,ENSG00000273079,TRUE,FALSE,TRUE,I2D,FALSE,0.08,,,,,,,,,,,0.178,0.157,,,,,,,,,,,,,
CPI-SS0D529E576,GRIN2B_IL16,simple:Q13224,simple:Q14005,ENSG00000273079,ENSG00000172349,TRUE,TRUE,FALSE,I2D,FALSE,0.08,0.832,,,,,0.811,,,,,,,,,,,,,,,,,,,
CPI-SS0348DB5E3,FGFR1_FGFR2,simple:P11362,simple:P21802,ENSG00000077782,ENSG00000066468,TRUE,TRUE,TRUE,InnateDB-All,FALSE,0.08,,,,,,,,,,,,,,,,,,0.248,,,,,0.293,,
CPI-SS098F416C1,FGFR2_XPR1,simple:P21802,simple:Q9UBH6,ENSG00000066468,ENSG00000143324,TRUE,TRUE,TRUE,InnateDB-All,FALSE,0.08,,,,,,,,,,,0.701,0.528,,,,,,,,,,,,,
CPI-SS0CBC7840D,PTPRC_CD22,simple:P08575,simple:P20273,ENSG00000081237,ENSG00000012124,FALSE,FALSE,TRUE,curated,FALSE,0.08,2.085,,,,,2.102,,,,,,,,,,,,,,,,,,,
CPI-SS070C51D94,FZD7_WNT3,simple:O75084,simple:P56703,ENSG00000155760,ENSG00000108379,TRUE,TRUE,FALSE,curated,FALSE,0.08,,,0.156,,,,,0.154,,,,,,,,,,,,,,,,,
CPI-SS0822AEF5F,PTPRC_MRC1,simple:P08575,simple:P22897,ENSG00000081237,ENSG00000260314,FALSE,FALSE,TRUE,curated,FALSE,0.08,,5.731,,,,,5.749,,,,,,,,,,,,,,,,,,
CPI-SS0C85BC9AF,PROS1_AXL,simple:P07225,simple:P30530,ENSG00000184500,ENSG00000167601,TRUE,FALSE,TRUE,guidetopharmacology.org,FALSE,0.12,2.308,2.205,,,,1.589,,,,,,,,,,,,,,,,,,,
CPI-SS0B3829651,CADM3_EPB41L1,simple:Q8N126,simple:Q9H4G0,ENSG00000162706,ENSG00000088367,FALSE,FALSE,FALSE,curated,FALSE,0.12,,,,,,,,,,,,,0.386,,,,,0.235,,,,,0.209,,
CPI-SS0FF6CFDCA,ADORA3_ENTPD1,simple:P0DMS8,simple:P49961,ENSG00000282608,ENSG00000138185,FALSE,TRUE,FALSE,curated,FALSE,0.12,2.632,2.154,,,,2.459,,,,,,,,,,,,,,,,,,,
CPI-SS0D00AAD2F,SEMA5A_PLXNB3,simple:Q13591,simple:Q9ULL4,ENSG00000112902,ENSG00000198753,FALSE,FALSE,TRUE,curated,FALSE,0.12,,,,,,,,,,,,,1.342,,,,,0.759,,,,,0.859,,
CPI-SS0C090A257,CCL3_CCR5,simple:P10147,simple:P51681,ENSG00000277632,ENSG00000160791,TRUE,FALSE,TRUE,curated,FALSE,0.12,4.942,5.716,,,,,4.062,,,,,,,,,,,,,,,,,,
CPI-SS08A54963F,EFNA2_EPHA2,simple:O43921,simple:P29317,ENSG00000099617,ENSG00000142627,FALSE,FALSE,TRUE,curated,FALSE,0.12,,,,,,,,,,,,0.185,,,,,0.154,,,,,0.167,,,
CPI-SS044C72D0D,SEMA4A_PLXND1,simple:Q9H3S1,simple:Q9Y4D7,ENSG00000196189,ENSG00000004399,FALSE,FALSE,TRUE,curated,FALSE,0.12,0.203,,,,,0.172,,,,,0.249,,,,,,,,,,,,,,
CPI-CS0E661878B,LIFR_OSM,complex:LIFR,simple:P13725,,ENSG00000099985,TRUE,TRUE,FALSE,curated,FALSE,0.12,,0.223,,,,0.228,0.23,,,,,,,,,,,,,,,,,,
CPI-SS0D41C7AF5,EPHB1_EFNB3,simple:P54762,simple:Q15768,ENSG00000154928,ENSG00000108947,FALSE,TRUE,TRUE,curated,FALSE,0.12,,,,,,,,,,,,,0.754,0.668,0.658,,,,,,,,,,
CPI-SS08718E4FB,EPHB6_EFNB3,simple:O15197,simple:Q15768,ENSG00000106123,ENSG00000108947,TRUE,TRUE,TRUE,curated,FALSE,0.12,,,,,,,,,,,,,,,,,,0.217,0.13,0.121,,,,,
CPI-SS0470AF83E,EPHB1_EFNB1,simple:P54762,simple:P98172,ENSG00000154928,ENSG00000090776,FALSE,TRUE,FALSE,curated,FALSE,0.12,,,,,,,,,,,0.645,0.682,,,0.639,,,,,,,,,,
CPI-SS0E23CEB91,LGALS9_HAVCR2,simple:O00182,simple:Q8TDQ0,ENSG00000168961,ENSG00000135077,TRUE,FALSE,TRUE,curated,FALSE,0.12,1.645,,,,,1.687,1.373,,,,,,,,,,,,,,,,,,
CPI-SS09C52F54E,LGALS9_SORL1,simple:O00182,simple:Q92673,ENSG00000168961,ENSG00000137642,TRUE,FALSE,TRUE,InnateDB-All,FALSE,0.12,0.991,,,,,1.032,0.917,,,,,,,,,,,,,,,,,,
CPI-SS06A0B20BD,FGFR2_EPHA4,simple:P21802,simple:P54764,ENSG00000066468,ENSG00000116106,TRUE,TRUE,TRUE,"I2D,InnateDB-All",FALSE,0.12,,,,,,,,,,,,,0.364,0.253,0.286,,,,,,,,,,
CPI-SS065F7DA2A,COPA_P2RY6,simple:P53621,simple:Q15077,ENSG00000122218,ENSG00000171631,TRUE,FALSE,TRUE,"IMEx,IntAct",FALSE,0.16,4.622,4.51,,,,4.417,4.305,,,,,,,,,,,,,,,,,,
CPI-SS05B1FA8A8,LRP6_CKLF,simple:O75581,simple:Q9UBR5,ENSG00000070018,ENSG00000217555,TRUE,TRUE,FALSE,"IMEx,IntAct",FALSE,0.16,1.193,1.182,,,,1.078,1.067,,,,,,,,,,,,,,,,,,
CPI-SS003C9A532,NOTCH2_DLL3,simple:Q04721,simple:Q9NYJ7,ENSG00000134250,ENSG00000090932,FALSE,TRUE,FALSE,curated,FALSE,0.16,,,,0.446,0.379,,,,0.349,0.283,,,,,,,,,,,,,,,
CPI-SS079728E8B,ADORA2B_ENTPD1,simple:P29275,simple:P49961,ENSG00000170425,ENSG00000138185,FALSE,TRUE,FALSE,curated,FALSE,0.16,,,,,,,,,,,,,,,,2.078,1.6,,,,2.096,1.619,,,
CPI-CS08CC8F9D3,ACVR1_BMPR2_BMP7,complex:ACVR1_BMPR2,simple:P18075,,ENSG00000101144,TRUE,TRUE,FALSE,curated,FALSE,0.16,,,,0.369,0.472,,,,0.387,0.49,,,,,,,,,,,,,,,
CPI-SC062D34C2A,VCAM1_a9b1 complex,simple:P19320,complex:a9b1 complex,ENSG00000162692,,FALSE,FALSE,FALSE,curated,TRUE,0.16,,,,,,,,,,,,,,,,0.681,0.779,,,,0.799,0.897,,,
CPI-SC0B6D68FD5,ICAM1_aMb2 complex,simple:P05362,complex:aMb2 complex,ENSG00000090339,,FALSE,TRUE,FALSE,curated,TRUE,0.16,1.214,1.1,,,,1.21,1.095,,,,,,,,,,,,,,,,,,
CPI-SS0B01CF3AB,CSF1R_CSF1,simple:P07333,simple:P09603,ENSG00000182578,ENSG00000184371,TRUE,TRUE,FALSE,curated,FALSE,0.16,21.182,20.023,19.831,,,16.205,,,,,,,,,,,,,,,,,,,
CPI-CS046B3C139,ACVR_1A2A receptor_BMP7,complex:ACVR_1A2A receptor,simple:P18075,,ENSG00000101144,TRUE,TRUE,FALSE,curated,FALSE,0.16,,,,0.267,0.369,,,,0.276,0.379,,,,,,,,,,,,,,,
CPI-SS03E7587E4,ADORA1_ENTPD1,simple:P30542,simple:P49961,ENSG00000163485,ENSG00000138185,FALSE,TRUE,FALSE,curated,FALSE,0.16,,,,,,,,,,,,,,,,2.123,1.645,,,,2.167,1.689,,,
CPI-SS0423580E5,DLL1_NOTCH2,simple:O00548,simple:Q04721,ENSG00000198719,ENSG00000134250,FALSE,FALSE,TRUE,curated,FALSE,0.16,,,,,,,,,,,,,,,,0.361,0.264,,,,0.392,0.295,,,
CPI-SS01946BE5C,C5AR1_RPS19,simple:P21730,simple:P39019,ENSG00000197405,ENSG00000105372,FALSE,TRUE,FALSE,guidetopharmacology.org,FALSE,0.16,24.447,19.784,,,,24.529,19.866,,,,,,,,,,,,,,,,,,
CPI-SS0419B80C4,LGALS9_LRP1,simple:O00182,simple:Q07954,ENSG00000168961,ENSG00000123384,TRUE,FALSE,TRUE,InnateDB-All,FALSE,0.16,5.048,4.468,,,,5.089,4.509,,,,,,,,,,,,,,,,,,
CPI-SS02928C71A,PDGFB_LRP1,simple:P01127,simple:Q07954,ENSG00000100311,ENSG00000123384,TRUE,FALSE,TRUE,"I2D,InnateDB-All",FALSE,0.16,4.534,3.954,,,,4.525,3.944,,,,,,,,,,,,,,,,,,
CPI-SS006C6537E,MDK_LRP1,simple:P21741,simple:Q07954,ENSG00000110492,ENSG00000123384,TRUE,FALSE,TRUE,"I2D,InnateDB-All",FALSE,0.16,,,,,,,,,,,,,,,,4.837,4.257,,,,4.997,4.417,,,
CPI-SS085195142,TYRO3_GAS6,simple:Q06418,simple:Q14393,ENSG00000092445,ENSG00000183087,TRUE,TRUE,FALSE,guidetopharmacology.org,FALSE,0.16,,,,,,,,,,,7.018,5.802,,,,,,,,,6.953,5.736,,,
CPI-SS0A9FB762A,LGALS9_PTPRK,simple:O00182,simple:Q15262,ENSG00000168961,ENSG00000152894,TRUE,FALSE,TRUE,InnateDB-All,FALSE,0.16,,,,0.883,0.922,,,,0.924,0.963,,,,,,,,,,,,,,,
CPI-SS0472C478C,BMP7_PTPRK,simple:P18075,simple:Q15262,ENSG00000101144,ENSG00000152894,TRUE,FALSE,TRUE,InnateDB-All,FALSE,0.16,,,,,,,,,,,,,,,,,,,0.275,0.314,,,,0.378,0.417
CPI-SS0415CC75D,MERTK_GAS6,simple:Q12866,simple:Q14393,ENSG00000153208,ENSG00000183087,TRUE,TRUE,FALSE,guidetopharmacology.org,FALSE,0.16,8.923,7.706,,,,8.07,6.853,,,,,,,,,,,,,,,,,,
CPI-SS032E9A219,CX3CR1_CX3CL1,simple:P49238,simple:P78423,ENSG00000168329,ENSG00000006210,TRUE,TRUE,TRUE,curated,FALSE,0.16,,,,21.989,21.993,,,,18.465,18.469,,,,,,,,,,,,,,,
CPI-SS083CBFACD,MDK_SORL1,simple:P21741,simple:Q92673,ENSG00000110492,ENSG00000137642,TRUE,FALSE,TRUE,InnateDB-All,FALSE,0.16,,,,,,,,,,,,,,,,0.78,0.665,,,,0.94,0.825,,,
CPI-SS0FEEB187C,PDGFB_PDGFRA,simple:P01127,simple:P16234,ENSG00000100311,ENSG00000134853,TRUE,FALSE,TRUE,curated,FALSE,0.16,,,,2.415,2.922,,,,2.405,2.912,,,,,,,,,,,,,,,
CPI-CS0D35E69F6,BMR1A_ACR2A_BMP7,complex:BMR1A_ACR2A,simple:P18075,,ENSG00000101144,TRUE,TRUE,FALSE,curated,FALSE,0.16,,,,0.267,0.369,,,,0.276,0.379,,,,,,,,,,,,,,,
CPI-SS06A999D25,PLD2_ARF1,simple:O14939,simple:P84077,ENSG00000129219,ENSG00000143761,FALSE,FALSE,FALSE,guidetopharmacology.org,FALSE,0.16,3.322,2.689,,,,3.271,2.638,,,,,,,,,,,,,,,,,,
CPI-SS068C129D6,CSF1_SIRPA,simple:P09603,simple:P78324,ENSG00000184371,ENSG00000198053,TRUE,FALSE,TRUE,I2D,FALSE,0.16,9.504,7.012,,,,8.345,,,,,8.153,,,,,,,,,,,,,,
CPI-SS03A4F7DC8,AXL_GAS6,simple:P30530,simple:Q14393,ENSG00000167601,ENSG00000183087,TRUE,TRUE,FALSE,guidetopharmacology.org,FALSE,0.16,7.069,5.852,,,,6.966,5.75,,,,,,,,,,,,,,,,,,
CPI-SS0FF55B42C,EPHB3_EFNB1,simple:P54753,simple:P98172,ENSG00000182580,ENSG00000090776,FALSE,TRUE,FALSE,curated,FALSE,0.16,,,,,,,,,,,,,,,,0.147,0.185,,,,0.147,0.184,,,
CPI-SS09C4988F8,PROS1_TYRO3,simple:P07225,simple:Q06418,ENSG00000184500,ENSG00000092445,TRUE,FALSE,TRUE,guidetopharmacology.org,FALSE,0.16,,,2.257,,2.192,,,1.539,,1.474,,,,,,,,,,,,,,,
CPI-SC03DD946B2,TGFB2_TGFbeta receptor1,simple:P61812,complex:TGFbeta receptor1,ENSG00000092969,,TRUE,FALSE,TRUE,curated,FALSE,0.16,,,,,,,,,,,,,,,,1.727,1.229,,,,1.712,1.214,,,
CPI-SC0984894BC,TGFB1_TGFbeta receptor2,simple:P01137,complex:TGFbeta receptor2,ENSG00000105329,,TRUE,FALSE,TRUE,curated,FALSE,0.16,3.319,3.337,,,,2.613,2.631,,,,,,,,,,,,,,,,,,
CPI-SC098C06330,TGFB1_TGFbeta receptor1,simple:P01137,complex:TGFbeta receptor1,ENSG00000105329,,TRUE,FALSE,TRUE,curated,FALSE,0.16,4.789,4.291,,,,4.084,3.585,,,,,,,,,,,,,,,,,,
CPI-SS04F3A1E5C,COPA_SORT1,simple:P53621,simple:Q99523,ENSG00000122218,ENSG00000134243,TRUE,FALSE,TRUE,"IMEx,InnateDB-All,IntAct,MatrixDB",FALSE,0.16,1.783,1.676,,,,1.578,1.47,,,,,,,,,,,,,,,,,,
CPI-CS0BCDC40FC,BMR1A_AVR2B_BMP4,complex:BMR1A_AVR2B,simple:P12644,,ENSG00000125378,TRUE,TRUE,FALSE,curated,FALSE,0.16,,,2.58,,,,,2.575,,,,,2.579,,,,,,,,,,2.551,,
CPI-SS0DA033F03,TNFRSF1A_GRN,simple:P19438,simple:P28799,ENSG00000067182,ENSG00000030582,TRUE,TRUE,FALSE,"IMEx,InnateDB-All,MINT",FALSE,0.16,18.61,,,,,18.214,,,,,,,,,,17.521,,,,,17.476,,,,
CPI-SS0302E8E8F,CD74_COPA,simple:P04233,simple:P53621,ENSG00000019582,ENSG00000122218,TRUE,TRUE,FALSE,"IMEx,IntAct",FALSE,0.16,1.468,1.263,,,,1.426,1.221,,,,,,,,,,,,,,,,,,
CPI-SC032246C72,TGFB2_TGFbeta receptor2,simple:P61812,complex:TGFbeta receptor2,ENSG00000092969,,TRUE,FALSE,TRUE,curated,FALSE,0.16,,,,,,,,,,,,,,,,0.257,0.275,,,,0.241,0.259,,,
CPI-CS073233FCC,ACVR_1A2A receptor_INHBB,complex:ACVR_1A2A receptor,simple:P09529,,ENSG00000163083,TRUE,TRUE,FALSE,curated,FALSE,0.16,,,,0.112,0.126,,,,0.121,0.135,,,,,,,,,,,,,,,
CPI-SS076D8415B,CCL3_IDE,simple:P10147,simple:P14735,ENSG00000277632,ENSG00000119912,TRUE,FALSE,TRUE,"IMEx,InnateDB-All,MINT",FALSE,0.2,2.76,2.827,2.69,2.675,2.75,,,,,,,,,,,,,,,,,,,,
CPI-SC070D5A96F,JAM2_a4b1 complex,simple:P57087,complex:a4b1 complex,ENSG00000154721,,FALSE,FALSE,FALSE,curated,TRUE,0.2,0.333,,,,,0.256,,,,,0.372,,,,,0.347,,,,,0.378,,,,
CPI-SS0E41702C1,IGF1_IGF1R,simple:P05019,simple:P08069,ENSG00000017427,ENSG00000140443,TRUE,FALSE,TRUE,curated,FALSE,0.2,5.538,5.317,5.163,5.122,5.152,,,,,,,,,,,,,,,,,,,,
CPI-CS0E54FF657,BMPR1A_BMPR2_BMP4,complex:BMPR1A_BMPR2,simple:P12644,,ENSG00000125378,TRUE,TRUE,FALSE,curated,FALSE,0.2,,,2.677,,,,,2.649,,,,,2.544,,,,,2.554,,,,,2.602,,
CPI-SS055E061C9,LAMP1_FAM3C,simple:P11279,simple:Q92520,ENSG00000185896,ENSG00000196937,TRUE,TRUE,FALSE,InnateDB-All,FALSE,0.2,23.43,23.396,24.339,23.388,23.378,,,,,,,,,,,,,,,,,,,,
CPI-SS0C0A61F92,PLXNB2_SEMA4G,simple:O15031,simple:Q9NTN9,ENSG00000196576,ENSG00000095539,FALSE,TRUE,FALSE,curated,FALSE,0.2,2.939,2.877,2.835,,,2.395,2.333,,,,,,,,,,,,,,,,,,
CPI-SS02A0FF87F,FAM3C_CLEC2D,simple:Q92520,simple:Q9UHP7,ENSG00000196937,ENSG00000069493,TRUE,FALSE,TRUE,"IMEx,InnateDB-All,IntAct",FALSE,0.2,0.719,0.664,,,,0.685,,,,,1.628,1.574,,,,,,,,,,,,,
CPI-SS08FAC0A55,PLXNB2_SEMA4D,simple:O15031,simple:Q92854,ENSG00000196576,ENSG00000187764,FALSE,TRUE,TRUE,curated,FALSE,0.2,3.46,3.338,3.3,,,2.916,2.794,,,,,,,,,,,,,,,,,,
CPI-SS09808DEAE,CD74_APP,simple:P04233,simple:P05067,ENSG00000019582,ENSG00000142192,FALSE,TRUE,FALSE,curated,FALSE,0.2,1.331,1.129,1.663,,,1.289,,1.622,,,,,,,,,,,,,,,,,
CPI-SS033E6DE7E,NRP1_VEGFB,simple:O14786,simple:P49765,ENSG00000099250,ENSG00000173511,TRUE,TRUE,FALSE,curated,FALSE,0.24,4.748,4.145,3.453,3.446,3.526,2.796,,,,,,,,,,,,,,,,,,,
CPI-SC0F9DD28F3,JAM3_aMb2 complex,simple:Q9BX67,complex:aMb2 complex,ENSG00000166086,,TRUE,FALSE,FALSE,curated,TRUE,0.24,,,,,,,,,,,1.562,1.448,,,,1.036,0.922,,,,0.982,0.867,,,
CPI-SS0D81D9F5E,EFNA2_EPHA5,simple:O43921,simple:P54756,ENSG00000099617,ENSG00000145242,FALSE,FALSE,TRUE,curated,FALSE,0.24,,,,,,,,,,,,,,0.459,0.46,,,,0.428,0.429,,,,0.441,0.442
CPI-SS082900482,GPR37L1_PSAP,simple:O60883,simple:P07602,ENSG00000170075,ENSG00000197746,TRUE,TRUE,FALSE,guidetopharmacology.org,FALSE,0.24,,,,,,,,,,,17.211,10.703,,,,17.235,10.727,,,,16.848,10.339,,,
CPI-SS0A5B945E3,EPHB3_EFNB3,simple:P54753,simple:Q15768,ENSG00000182580,ENSG00000108947,FALSE,TRUE,TRUE,curated,FALSE,0.24,,,,,,,,,,,,,,,,,,0.257,0.17,0.161,,,0.256,0.17,0.16
CPI-SS0339AE950,SIRPA_CD47,simple:P78324,simple:Q08722,ENSG00000198053,ENSG00000196776,FALSE,TRUE,TRUE,curated,FALSE,0.24,9.797,9.126,8.806,8.542,8.525,7.306,,,,,,,,,,,,,,,,,,,
CPI-SS0A9E884E0,CD200_CD200R1,simple:P41217,simple:Q8TD46,ENSG00000091972,ENSG00000163606,TRUE,FALSE,TRUE,curated,FALSE,0.24,,,,,,,,,,,0.337,0.243,,,,0.431,0.337,,,,0.385,0.291,,,
CPI-SS0AB21032D,PLXNB2_SEMA4C,simple:O15031,simple:Q9C0C4,ENSG00000196576,ENSG00000168758,FALSE,TRUE,TRUE,curated,FALSE,0.24,3.094,3.113,2.91,,2.838,2.55,2.569,,,,,,,,,,,,,,,,,,
CPI-SS0BD9F32BA,LGALS9_DAG1,simple:O00182,simple:Q14118,ENSG00000168961,ENSG00000173402,TRUE,FALSE,TRUE,InnateDB-All,FALSE,0.24,1.12,,,,1.224,1.161,1.133,,1.124,1.265,,,,,,,,,,,,,,,
CPI-SS04A5D6B6F,DLL1_NOTCH1,simple:O00548,simple:P46531,ENSG00000198719,ENSG00000148400,FALSE,FALSE,TRUE,curated,FALSE,0.28,,,,,,,,,,,,,,,,0.287,0.267,,,0.296,0.318,0.298,,0.224,0.327
CPI-CS0C99F8D96,BMR1A_AVR2B_BMP7,complex:BMR1A_AVR2B,simple:P18075,,ENSG00000101144,TRUE,TRUE,FALSE,curated,FALSE,0.32,,,,0.298,0.401,,,,0.294,0.396,,,,0.297,0.4,,,,,,,,,0.269,0.372
CPI-CS0288D901D,ACVR_1A2B receptor_BMP7,complex:ACVR_1A2B receptor,simple:P18075,,ENSG00000101144,TRUE,TRUE,FALSE,curated,FALSE,0.32,,,,0.298,0.401,,,,0.294,0.396,,,,0.297,0.4,,,,,,,,,0.269,0.372
CPI-SS0607D1101,NOTCH1_DLL3,simple:P46531,simple:Q9NYJ7,ENSG00000148400,ENSG00000090932,FALSE,TRUE,FALSE,curated,FALSE,0.32,,,,0.372,0.306,,,,0.352,0.285,,,,,,,,,0.277,0.211,,,,0.381,0.314
CPI-SS09C06644C,CADM3_CADM1,simple:Q8N126,simple:Q9BY67,ENSG00000162706,ENSG00000182985,FALSE,FALSE,FALSE,curated,FALSE,0.32,,,,,,,,,,,1.426,0.769,2.184,,0.876,1.275,,2.033,,,1.249,,2.007,,
CPI-SC0B9199C7F,LAMC1_aVb3 complex,simple:P11047,complex:aVb3 complex,ENSG00000135862,,TRUE,FALSE,FALSE,curated,TRUE,0.32,0.264,0.205,,,,0.241,,,,,0.298,0.239,,,,0.232,,,,,0.278,0.219,,,
CPI-CS048465560,ACVR_1A2B receptor_INHBB,complex:ACVR_1A2B receptor,simple:P09529,,ENSG00000163083,TRUE,TRUE,FALSE,curated,FALSE,0.32,,,,0.143,0.157,,,,0.139,0.153,,,,0.142,0.156,,,,,,,,,0.114,0.128
CPI-SS09A3FA737,NAMPT_P2RY6,simple:P43490,simple:Q15077,ENSG00000105835,ENSG00000171631,TRUE,FALSE,TRUE,"IMEx,IntAct",FALSE,0.32,3.573,3.461,,,,3.536,3.424,,,,3.475,3.363,,,,,,,,,3.444,3.332,,,
CPI-SS0B70EB09E,PDGFA_PDGFRA,simple:P04085,simple:P16234,ENSG00000197461,ENSG00000134853,TRUE,FALSE,TRUE,curated,FALSE,0.32,,,,2.234,2.741,,,,2.209,2.716,,,,3.159,3.666,,,,,,,,,2.205,2.712
CPI-SS027E12A36,MDK_PTPRZ1,simple:P21741,simple:P23471,ENSG00000110492,ENSG00000106278,TRUE,FALSE,FALSE,curated,FALSE,0.32,,,,,,,,,,,,,,,,0.673,,1.462,8.01,7.013,0.833,,1.622,8.17,7.173
CPI-SS00046DCF3,EPHA4_EFNB1,simple:P54764,simple:P98172,ENSG00000116106,ENSG00000090776,FALSE,TRUE,FALSE,curated,FALSE,0.36,,,,,,,,,,,0.263,0.301,,,0.257,0.152,0.19,,,0.146,0.185,0.223,,,0.179
CPI-SS02D18D12B,CADM3_CADM4,simple:Q8N126,simple:Q8NFZ8,ENSG00000162706,ENSG00000105767,FALSE,FALSE,FALSE,curated,FALSE,0.36,,,,,,,,,,,,,1.338,0.869,0.748,,,1.186,0.717,0.596,,,1.161,0.692,0.571
CPI-SS0E63AB61E,EFNA2_EPHA4,simple:O43921,simple:P54764,ENSG00000099617,ENSG00000116106,FALSE,FALSE,TRUE,curated,FALSE,0.36,,,,,,,,,,,,,0.32,0.209,0.242,,,0.289,0.178,0.211,,,0.302,0.191,0.224
CPI-SS07CA5A6F1,EPHA4_EFNB3,simple:P54764,simple:Q15768,ENSG00000116106,ENSG00000108947,FALSE,TRUE,TRUE,curated,FALSE,0.36,,,,,,,,,,,,,0.373,0.286,0.277,,,0.262,0.175,0.166,,,0.295,0.208,0.199
CPI-SS03098AC28,ERBB4_HBEGF,simple:Q15303,simple:Q99075,ENSG00000178568,ENSG00000113070,TRUE,TRUE,TRUE,curated,FALSE,0.36,,,,,,,,,,,,,0.228,0.195,0.224,,,0.17,0.138,0.166,,,0.242,0.209,0.237
CPI-SS0F9D53834,JAM3_JAM3,simple:Q9BX67,simple:Q9BX67,ENSG00000166086,ENSG00000166086,TRUE,FALSE,FALSE,curated,FALSE,0.36,,,,,,,,,,,,,1.623,1.096,1.042,,,1.096,0.57,0.516,,,1.042,0.516,0.462
CPI-SS033CB0BB2,CXADR_FAM3C,simple:P78310,simple:Q92520,ENSG00000154639,ENSG00000196937,TRUE,TRUE,FALSE,"IMEx,IntAct",FALSE,0.36,,,,,,,,,,,,,,,,0.507,0.474,1.416,0.465,,0.577,0.543,1.486,0.535,0.526
CPI-SS0BFB29A42,PLXNB2_PTN,simple:O15031,simple:P21246,ENSG00000196576,ENSG00000105894,TRUE,TRUE,FALSE,"I2D,IMEx,InnateDB-All,IntAct",FALSE,0.4,2.928,2.893,3.616,11.129,10.652,,,3.072,10.585,10.108,,,,,,,,,,,,,,8.445,7.968
CPI-CS05EAF93CC,BMPR1A_BMPR2_BMP7,complex:BMPR1A_BMPR2,simple:P18075,,ENSG00000101144,TRUE,TRUE,FALSE,curated,FALSE,0.4,,,,0.396,0.498,,,,0.367,0.47,,,,0.262,0.365,,,,0.272,0.375,,,,0.32,0.423
CPI-SS039799099,FGFR1_NCAM1,simple:P11362,simple:P13591,ENSG00000077782,ENSG00000149294,TRUE,TRUE,TRUE,curated,FALSE,0.4,,,,,,,,,,,,,,,,0.199,0.182,1.647,0.772,0.943,0.244,0.227,1.692,0.817,0.987
CPI-SC0EEF3A379,LAMC1_a6b1 complex,simple:P11047,complex:a6b1 complex,ENSG00000135862,,TRUE,FALSE,FALSE,curated,TRUE,0.4,2.6,2.437,,,,2.577,2.414,,,,2.634,2.471,,,,2.568,2.405,,,,2.613,2.451,,,
CPI-SS07DFEBFA8,GPR19_ENHO,simple:Q15760,simple:Q6UWT2,ENSG00000183150,ENSG00000168913,TRUE,TRUE,FALSE,guidetopharmacology.org,FALSE,0.4,,,,,,,,,,,0.214,0.212,0.184,0.273,0.289,0.206,0.204,0.176,0.265,0.282,,,,,
CPI-SS00F4DDF4B,PTN_PTPRS,simple:P21246,simple:Q13332,ENSG00000105894,ENSG00000105426,TRUE,FALSE,TRUE,"I2D,IMEx,InnateDB-All,IntAct",FALSE,0.56,,,,,,,,,,,1.265,1.258,1.114,,1.169,8.778,8.771,8.627,8.608,8.682,8.301,8.295,8.15,8.131,8.205
CPI-SS087B53ABF,JAM2_JAM3,simple:P57087,simple:Q9BX67,ENSG00000154721,ENSG00000166086,TRUE,FALSE,FALSE,curated,FALSE,0.6,,,1.023,0.496,0.442,,,0.946,0.419,0.365,,,1.061,0.535,0.481,,,1.036,0.51,0.456,,,1.068,0.541,0.487
CPI-SS0889E281D,CADM1_CADM1,simple:Q9BY67,simple:Q9BY67,ENSG00000182985,ENSG00000182985,FALSE,FALSE,FALSE,curated,FALSE,0.64,2.37,1.713,3.128,1.632,1.82,1.713,,2.471,,,3.128,2.471,3.886,2.39,2.578,1.632,,2.39,,,1.82,,2.578,,
CPI-SS04E690D72,PTN_PTPRZ1,simple:P21246,simple:P23471,ENSG00000105894,ENSG00000106278,TRUE,FALSE,FALSE,curated,FALSE,0.68,,,1.014,7.562,6.564,,,0.979,7.527,6.53,,,1.702,8.25,7.252,8.425,,9.215,15.762,14.765,7.949,,8.738,15.286,14.288
CPI-SC0CE851065,COL6A2_a10b1 complex,simple:P12110,complex:a10b1 complex,ENSG00000142173,,TRUE,FALSE,FALSE,curated,TRUE,1.68,,,,,,,,,,,,,,,,,,,,,,,,,
CPI-SC0D6C777F2,COL11A2_a10b1 complex,simple:P13942,complex:a10b1 complex,ENSG00000204248,,TRUE,FALSE,FALSE,curated,TRUE,1.68,,,,,,,,,,,,,,,,,,,,,,,,,
CPI-SC0F74C069F,COL9A1_a10b1 complex,simple:P20849,complex:a10b1 complex,ENSG00000112280,,TRUE,FALSE,FALSE,curated,TRUE,1.68,,,,,,,,,,,,,,,,,,,,,,,,,
CPI-SC041DEF0FB,COL5A1_a10b1 complex,simple:P20908,complex:a10b1 complex,ENSG00000130635,,TRUE,FALSE,FALSE,curated,TRUE,1.68,,,,,,,,,,,,,,,,,,,,,,,,,
CPI-SC011F01833,COL1A2_a10b1 complex,simple:P08123,complex:a10b1 complex,ENSG00000164692,,TRUE,FALSE,FALSE,curated,TRUE,1.68,,,,,,,,,,,,,,,,,,,,,,,,,
CPI-SC0F516B854,COL5A2_a10b1 complex,simple:P05997,complex:a10b1 complex,ENSG00000204262,,TRUE,FALSE,FALSE,curated,TRUE,1.68,,,,,,,,,,,,,,,,,,,,,,,,,
CPI-SC0FA79E269,COL4A2_a10b1 complex,simple:P08572,complex:a10b1 complex,ENSG00000134871,,TRUE,FALSE,FALSE,curated,TRUE,1.68,,,,,,,,,,,,,,,,,,,,,,,,,
CPI-SC02B111AB0,COL6A1_a10b1 complex,simple:P12109,complex:a10b1 complex,ENSG00000142156,,TRUE,FALSE,FALSE,curated,TRUE,1.68,,,,,,,,,,,,,,,,,,,,,,,,,
CPI-SC04936738A,COL11A1_a10b1 complex,simple:P12107,complex:a10b1 complex,ENSG00000060718,,TRUE,FALSE,FALSE,curated,TRUE,1.68,,,,,,,,,,,,,,,,,,,,,,,,,
CPI-SS080611C5B,ALOX5_ALOX5AP,simple:P09917,simple:P20292,ENSG00000012779,ENSG00000132965,FALSE,FALSE,FALSE,guidetopharmacology.org,FALSE,1.68,,,,,,,,,,,,,,,,,,,,,,,,,
CPI-SC087556B01,COL4A5_a10b1 complex,simple:P29400,complex:a10b1 complex,ENSG00000188153,,TRUE,FALSE,FALSE,curated,TRUE,1.68,,,,,,,,,,,,,,,,,,,,,,,,,
CPI-SC0672FBD31,COL4A1_a1b1 complex,simple:P02462,complex:a1b1 complex,ENSG00000187498,,TRUE,FALSE,FALSE,curated,TRUE,1.68,,,,,,,,,,,,,,,,,,,,,,,,,
CPI-SC0BC63F8C0,COL3A1_a1b1 complex,simple:P02461,complex:a1b1 complex,ENSG00000168542,,TRUE,FALSE,FALSE,curated,TRUE,1.68,,,,,,,,,,,,,,,,,,,,,,,,,
CPI-CS0123BC66C,PlexinA1_complex2_SEMA6D,complex:PlexinA1_complex2,simple:Q8NFY4,,ENSG00000137872,FALSE,TRUE,FALSE,curated,FALSE,1.68,,,,,,,,,,,,,,,,,,,,,,,,,
CPI-SC0BF16A11C,COL20A1_a10b1 complex,simple:Q9P218,complex:a10b1 complex,ENSG00000101203,,TRUE,FALSE,FALSE,curated,TRUE,1.68,,,,,,,,,,,,,,,,,,,,,,,,,
CPI-SC02131C05A,COL12A1_a10b1 complex,simple:Q99715,complex:a10b1 complex,ENSG00000111799,,TRUE,FALSE,FALSE,curated,TRUE,1.68,,,,,,,,,,,,,,,,,,,,,,,,,
CPI-SC0147A8A42,COL26A1_a10b1 complex,simple:Q96A83,complex:a10b1 complex,ENSG00000160963,,TRUE,FALSE,FALSE,curated,TRUE,1.68,,,,,,,,,,,,,,,,,,,,,,,,,
CPI-SC0C9CBDD21,COL27A1_a10b1 complex,simple:Q8IZC6,complex:a10b1 complex,ENSG00000196739,,TRUE,FALSE,FALSE,curated,TRUE,1.68,,,,,,,,,,,,,,,,,,,,,,,,,
CPI-SC090311934,COL24A1_a10b1 complex,simple:Q17RW2,complex:a10b1 complex,ENSG00000171502,,TRUE,FALSE,FALSE,curated,TRUE,1.68,,,,,,,,,,,,,,,,,,,,,,,,,
CPI-SC09DFB2ACA,COL19A1_a10b1 complex,simple:Q14993,complex:a10b1 complex,ENSG00000082293,,TRUE,FALSE,FALSE,curated,TRUE,1.68,,,,,,,,,,,,,,,,,,,,,,,,,
CPI-SS0DFA98A14,CSF1R_IL34,simple:P07333,simple:Q6ZMJ4,ENSG00000182578,ENSG00000157368,TRUE,TRUE,FALSE,curated,FALSE,1.68,,,,,,,,,,,,,,,,,,,,,,,,,
CPI-SC067EE23E1,COL9A2_a10b1 complex,simple:Q14055,complex:a10b1 complex,ENSG00000049089,,TRUE,FALSE,FALSE,curated,TRUE,1.68,,,,,,,,,,,,,,,,,,,,,,,,,
CPI-SC0517A327B,COL9A3_a10b1 complex,simple:Q14050,complex:a10b1 complex,ENSG00000092758,,TRUE,FALSE,FALSE,curated,TRUE,1.68,,,,,,,,,,,,,,,,,,,,,,,,,
CPI-SC0F94B2CF9,COL16A1_a10b1 complex,simple:Q07092,complex:a10b1 complex,ENSG00000084636,,TRUE,FALSE,FALSE,curated,TRUE,1.68,,,,,,,,,,,,,,,,,,,,,,,,,
CPI-SC008F4294F,COL7A1_a10b1 complex,simple:Q02388,complex:a10b1 complex,ENSG00000114270,,TRUE,FALSE,FALSE,curated,TRUE,1.68,,,,,,,,,,,,,,,,,,,,,,,,,
CPI-SC00C0800EB,COL4A4_a10b1 complex,simple:P53420,complex:a10b1 complex,ENSG00000081052,,TRUE,FALSE,FALSE,curated,TRUE,1.68,,,,,,,,,,,,,,,,,,,,,,,,,
CPI-SC0017F527E,COL18A1_a10b1 complex,simple:P39060,complex:a10b1 complex,ENSG00000182871,,TRUE,FALSE,FALSE,curated,TRUE,1.68,,,,,,,,,,,,,,,,,,,,,,,,,
CPI-SC08E75294D,COL15A1_a10b1 complex,simple:P39059,complex:a10b1 complex,ENSG00000204291,,TRUE,FALSE,FALSE,curated,TRUE,1.68,,,,,,,,,,,,,,,,,,,,,,,,,
CPI-SC08B1D5269,COL5A3_a10b1 complex,simple:P25940,complex:a10b1 complex,ENSG00000080573,,TRUE,FALSE,FALSE,curated,TRUE,1.68,,,,,,,,,,,,,,,,,,,,,,,,,
CPI-SC0D19BAF15,FN1_a10b1 complex,simple:P02751,complex:a10b1 complex,ENSG00000115414,,TRUE,FALSE,FALSE,curated,TRUE,1.68,,,,,,,,,,,,,,,,,,,,,,,,,
CPI-CS0EB5F7B6F,CNTF-1R_CLCF1,complex:CNTF-1R,simple:Q9UBD9,,ENSG00000175505,TRUE,TRUE,FALSE,curated,FALSE,1.68,,,,,,,,,,,,,,,,,,,,,,,,,
CPI-SC067433F6B,COL3A1_a10b1 complex,simple:P02461,complex:a10b1 complex,ENSG00000168542,,TRUE,FALSE,FALSE,curated,TRUE,1.68,,,,,,,,,,,,,,,,,,,,,,,,,
CPI-CS06D50EBF8,OSMR_OSM,complex:OSMR,simple:P13725,,ENSG00000099985,TRUE,TRUE,FALSE,curated,FALSE,1.68,,,,,,,,,,,,,,,,,,,,,,,,,
CPI-SC001669E22,GDF11_TGFR_AVR2A,simple:O95390,complex:TGFR_AVR2A,ENSG00000135414,,TRUE,FALSE,TRUE,curated,FALSE,1.68,,,,,,,,,,,,,,,,,,,,,,,,,
CPI-SC0FDB4B6D9,GDF9_TGFR_BMPR2,simple:O60383,complex:TGFR_BMPR2,ENSG00000164404,,TRUE,FALSE,TRUE,curated,FALSE,1.68,,,,,,,,,,,,,,,,,,,,,,,,,
CPI-SS0E0DEA7D5,PECAM1_CD38,simple:P16284,simple:P28907,ENSG00000261371,ENSG00000004468,FALSE,TRUE,TRUE,curated,FALSE,1.68,,,,,,,,,,,,,,,,,,,,,,,,,
CPI-SS0273C9AED,KDR_VEGFC,simple:P35968,simple:P49767,ENSG00000128052,ENSG00000150630,TRUE,TRUE,FALSE,curated,FALSE,1.68,,,,,,,,,,,,,,,,,,,,,,,,,
CPI-SS0F972435E,FLT4_VEGFC,simple:P35916,simple:P49767,ENSG00000037280,ENSG00000150630,TRUE,TRUE,FALSE,curated,FALSE,1.68,,,,,,,,,,,,,,,,,,,,,,,,,
CPI-SC017215F7F,GDF11_TGFR_AVR2B,simple:O95390,complex:TGFR_AVR2B,ENSG00000135414,,TRUE,FALSE,TRUE,curated,FALSE,1.68,,,,,,,,,,,,,,,,,,,,,,,,,
CPI-SC0077CEB82,TGFB3_TGFbeta receptor2,simple:P10600,complex:TGFbeta receptor2,ENSG00000119699,,TRUE,FALSE,TRUE,curated,FALSE,1.68,,,,,,,,,,,,,,,,,,,,,,,,,
CPI-SC0D5CFA431,TGFB3_TGFbeta receptor1,simple:P10600,complex:TGFbeta receptor1,ENSG00000119699,,TRUE,FALSE,TRUE,curated,FALSE,1.68,,,,,,,,,,,,,,,,,,,,,,,,,
CPI-SS03A3EE72E,FLT4_PDGFC,simple:P35916,simple:Q9NRA1,ENSG00000037280,ENSG00000145431,TRUE,TRUE,FALSE,guidetopharmacology.org,FALSE,1.68,,,,,,,,,,,,,,,,,,,,,,,,,
CPI-SS03CC15FF3,PDGFRA_PDGFC,simple:P16234,simple:Q9NRA1,ENSG00000134853,ENSG00000145431,TRUE,TRUE,FALSE,curated,FALSE,1.68,,,,,,,,,,,,,,,,,,,,,,,,,
CPI-SS02A170A99,SPN_SIGLEC1,simple:P16150,simple:Q9BZZ2,ENSG00000197471,ENSG00000088827,TRUE,FALSE,FALSE,curated,FALSE,1.68,,,,,,,,,,,,,,,,,,,,,,,,,
CPI-SS06B94F144,NPR2_NPPC,simple:P20594,simple:P23582,ENSG00000159899,ENSG00000163273,TRUE,TRUE,FALSE,guidetopharmacology.org,FALSE,1.68,,,,,,,,,,,,,,,,,,,,,,,,,
CPI-SS0EB4002A2,NPR3_NPPC,simple:P17342,simple:P23582,ENSG00000113389,ENSG00000163273,TRUE,TRUE,FALSE,"I2D,InnateDB-All",FALSE,1.68,,,,,,,,,,,,,,,,,,,,,,,,,
CPI-SS0A1864A37,NPR1_NPPC,simple:P16066,simple:P23582,ENSG00000169418,ENSG00000163273,TRUE,TRUE,FALSE,InnateDB-All,FALSE,1.68,,,,,,,,,,,,,,,,,,,,,,,,,
CPI-CS0C59AF029,IL33 receptor_IL33,complex:IL33 receptor,simple:O95760,,ENSG00000137033,TRUE,TRUE,FALSE,curated,FALSE,1.68,,,,,,,,,,,,,,,,,,,,,,,,,
CPI-SC0B6F1A278,COL4A1_a10b1 complex,simple:P02462,complex:a10b1 complex,ENSG00000187498,,TRUE,FALSE,FALSE,curated,TRUE,1.68,,,,,,,,,,,,,,,,,,,,,,,,,
CPI-CS05426BFFA,IL1 receptor_IL1B,complex:IL1 receptor,simple:P01584,,ENSG00000125538,TRUE,TRUE,FALSE,curated,FALSE,1.68,,,,,,,,,,,,,,,,,,,,,,,,,
CPI-CS077F1340A,FLT1 complex_VEGFB,complex:FLT1 complex,simple:P49765,,ENSG00000173511,TRUE,TRUE,FALSE,curated,FALSE,1.68,,,,,,,,,,,,,,,,,,,,,,,,,
CPI-SS04C672963,ESAM_ESAM,simple:Q96AP7,simple:Q96AP7,ENSG00000149564,ENSG00000149564,FALSE,FALSE,FALSE,curated,FALSE,1.68,,,,,,,,,,,,,,,,,,,,,,,,,
CPI-SS05A8552D7,EDA_EDAR,simple:Q92838,simple:Q9UNE0,ENSG00000158813,ENSG00000135960,TRUE,FALSE,TRUE,guidetopharmacology.org,FALSE,1.68,,,,,,,,,,,,,,,,,,,,,,,,,
CPI-SS0893BD6B6,IL16_GRIN2C,simple:Q14005,simple:Q14957,ENSG00000172349,ENSG00000161509,TRUE,FALSE,TRUE,I2D,FALSE,1.68,,,,,,,,,,,,,,,,,,,,,,,,,
CPI-SS056FF4363,CD48_CD244,simple:P09326,simple:Q9BZW8,ENSG00000117091,ENSG00000122223,FALSE,FALSE,TRUE,curated,FALSE,1.68,,,,,,,,,,,,,,,,,,,,,,,,,
CPI-SC0F4AC5AA2,ICAM1_aLb2 complex,simple:P05362,complex:aLb2 complex,ENSG00000090339,,FALSE,TRUE,FALSE,curated,TRUE,1.68,,,,,,,,,,,,,,,,,,,,,,,,,
CPI-SS0B337B316,TEK_ANGPT1,simple:Q02763,simple:Q15389,ENSG00000120156,ENSG00000154188,TRUE,TRUE,FALSE,curated,FALSE,1.68,,,,,,,,,,,,,,,,,,,,,,,,,
CPI-SC063BC3DDE,ICAM2_aLb2 complex,simple:P13598,complex:aLb2 complex,ENSG00000108622,,FALSE,FALSE,FALSE,curated,TRUE,1.68,,,,,,,,,,,,,,,,,,,,,,,,,
CPI-SC08923F7F7,F11R_aLb2 complex,simple:Q9Y624,complex:aLb2 complex,ENSG00000158769,,FALSE,TRUE,FALSE,curated,TRUE,1.68,,,,,,,,,,,,,,,,,,,,,,,,,
CPI-CS0C57A3081,PlexinA1_complex1_SEMA6D,complex:PlexinA1_complex1,simple:Q8NFY4,,ENSG00000137872,FALSE,TRUE,FALSE,curated,FALSE,1.68,,,,,,,,,,,,,,,,,,,,,,,,,
CPI-CS067298D94,FLT1 complex_VEGFA,complex:FLT1 complex,simple:P15692,,ENSG00000112715,TRUE,TRUE,FALSE,curated,FALSE,1.68,,,,,,,,,,,,,,,,,,,,,,,,,
CPI-SS07D56EB05,CMKLR1_RARRES2,simple:Q99788,simple:Q99969,ENSG00000174600,ENSG00000106538,TRUE,TRUE,FALSE,guidetopharmacology.org,FALSE,1.68,,,,,,,,,,,,,,,,,,,,,,,,,
CPI-SS061A7E099,CD55_ADGRE5,simple:P08174,simple:P48960,ENSG00000196352,ENSG00000123146,TRUE,TRUE,TRUE,curated,FALSE,1.68,,,,,,,,,,,,,,,,,,,,,,,,,
CPI-SS06CBC985C,LTBR_LTB,simple:P36941,simple:Q06643,ENSG00000111321,ENSG00000227507,FALSE,TRUE,FALSE,curated,FALSE,1.68,,,,,,,,,,,,,,,,,,,,,,,,,
CPI-CS073D36B1D,FLT1 complex_PGF,complex:FLT1 complex,simple:P49763,,ENSG00000119630,TRUE,TRUE,FALSE,curated,FALSE,1.68,,,,,,,,,,,,,,,,,,,,,,,,,
CPI-SS0D8148841,APLNR_APLN,simple:P35414,simple:Q9ULZ1,ENSG00000134817,ENSG00000171388,TRUE,TRUE,FALSE,guidetopharmacology.org,FALSE,1.68,,,,,,,,,,,,,,,,,,,,,,,,,
CPI-CS06072FF4E,IL1 receptor_IL1A,complex:IL1 receptor,simple:P01583,,ENSG00000115008,TRUE,TRUE,FALSE,curated,FALSE,1.68,,,,,,,,,,,,,,,,,,,,,,,,,
CPI-SC0545E2502,COL5A2_a1b1 complex,simple:P05997,complex:a1b1 complex,ENSG00000204262,,TRUE,FALSE,FALSE,curated,TRUE,1.68,,,,,,,,,,,,,,,,,,,,,,,,,
CPI-CS0BEC40E19,BMR1B_AVR2B_BMP5,complex:BMR1B_AVR2B,simple:P22003,,ENSG00000112175,TRUE,TRUE,FALSE,curated,FALSE,1.68,,,,,,,,,,,,,,,,,,,,,,,,,
CPI-SC0458F68A5,COL4A2_a1b1 complex,simple:P08572,complex:a1b1 complex,ENSG00000134871,,TRUE,FALSE,FALSE,curated,TRUE,1.68,,,,,,,,,,,,,,,,,,,,,,,,,
CPI-SC01195CB48,TNC_a8b1 complex,simple:P24821,complex:a8b1 complex,ENSG00000041982,,TRUE,FALSE,FALSE,curated,TRUE,1.68,,,,,,,,,,,,,,,,,,,,,,,,,
CPI-SC092C3E4DF,FN1_a8b1 complex,simple:P02751,complex:a8b1 complex,ENSG00000115414,,TRUE,FALSE,FALSE,curated,TRUE,1.68,,,,,,,,,,,,,,,,,,,,,,,,,
CPI-SC058F72F90,FBN1_a5b1 complex,simple:P35555,complex:a5b1 complex,ENSG00000166147,,TRUE,FALSE,FALSE,curated,TRUE,1.68,,,,,,,,,,,,,,,,,,,,,,,,,
CPI-CS0B79F5D68,ACVR_1C2B receptor_INHBA,complex:ACVR_1C2B receptor,simple:P08476,,ENSG00000122641,TRUE,TRUE,FALSE,curated,FALSE,1.68,,,,,,,,,,,,,,,,,,,,,,,,,
CPI-SC08B2AD7C6,FN1_a5b1 complex,simple:P02751,complex:a5b1 complex,ENSG00000115414,,TRUE,FALSE,FALSE,curated,TRUE,1.68,,,,,,,,,,,,,,,,,,,,,,,,,
CPI-CS007ADC2D1,ACVR_1C2A receptor_INHBB,complex:ACVR_1C2A receptor,simple:P09529,,ENSG00000163083,TRUE,TRUE,FALSE,curated,FALSE,1.68,,,,,,,,,,,,,,,,,,,,,,,,,
CPI-CS0A5400A6A,ACVR_1C2B receptor_INHBB,complex:ACVR_1C2B receptor,simple:P09529,,ENSG00000163083,TRUE,TRUE,FALSE,curated,FALSE,1.68,,,,,,,,,,,,,,,,,,,,,,,,,
CPI-SC0BC542ACC,TNC_a4b1 complex,simple:P24821,complex:a4b1 complex,ENSG00000041982,,TRUE,FALSE,FALSE,curated,TRUE,1.68,,,,,,,,,,,,,,,,,,,,,,,,,
CPI-SC096929DB0,FN1_aVb1 complex,simple:P02751,complex:aVb1 complex,ENSG00000115414,,TRUE,FALSE,FALSE,curated,TRUE,1.68,,,,,,,,,,,,,,,,,,,,,,,,,
CPI-CS0E4E75E3B,BMPR1A_BMPR2_BMP2,complex:BMPR1A_BMPR2,simple:P12643,,ENSG00000125845,TRUE,TRUE,FALSE,curated,FALSE,1.68,,,,,,,,,,,,,,,,,,,,,,,,,
CPI-SC09938698A,CSPG4_a3b1 complex,simple:Q6UVK1,complex:a3b1 complex,ENSG00000173546,,FALSE,FALSE,FALSE,curated,TRUE,1.68,,,,,,,,,,,,,,,,,,,,,,,,,
CPI-SC02BFEEC8A,THBS1_a3b1 complex,simple:P07996,complex:a3b1 complex,ENSG00000137801,,FALSE,FALSE,FALSE,curated,TRUE,1.68,,,,,,,,,,,,,,,,,,,,,,,,,
CPI-SC04F2478E9,FN1_a3b1 complex,simple:P02751,complex:a3b1 complex,ENSG00000115414,,TRUE,FALSE,FALSE,curated,TRUE,1.68,,,,,,,,,,,,,,,,,,,,,,,,,
CPI-CS028ACED72,BMPR1B_BMPR2_BMP2,complex:BMPR1B_BMPR2,simple:P12643,,ENSG00000125845,TRUE,TRUE,FALSE,curated,FALSE,1.68,,,,,,,,,,,,,,,,,,,,,,,,,
CPI-CS075442484,BMR1A_ACR2A_BMP2,complex:BMR1A_ACR2A,simple:P12643,,ENSG00000125845,TRUE,TRUE,FALSE,curated,FALSE,1.68,,,,,,,,,,,,,,,,,,,,,,,,,
CPI-CS0BE59B43E,BMR1A_AVR2B_BMP2,complex:BMR1A_AVR2B,simple:P12643,,ENSG00000125845,TRUE,TRUE,FALSE,curated,FALSE,1.68,,,,,,,,,,,,,,,,,,,,,,,,,
CPI-CS08A043594,BMR1B_AVR2A_BMP2,complex:BMR1B_AVR2A,simple:P12643,,ENSG00000125845,TRUE,TRUE,FALSE,curated,FALSE,1.68,,,,,,,,,,,,,,,,,,,,,,,,,
CPI-CS058910188,BMR1B_AVR2B_BMP2,complex:BMR1B_AVR2B,simple:P12643,,ENSG00000125845,TRUE,TRUE,FALSE,curated,FALSE,1.68,,,,,,,,,,,,,,,,,,,,,,,,,
CPI-SC06364D669,FN1_a4b1 complex,simple:P02751,complex:a4b1 complex,ENSG00000115414,,TRUE,FALSE,FALSE,curated,TRUE,1.68,,,,,,,,,,,,,,,,,,,,,,,,,
CPI-SC067AD890A,VTN_aVb1 complex,simple:P04004,complex:aVb1 complex,ENSG00000109072,,TRUE,FALSE,FALSE,curated,TRUE,1.68,,,,,,,,,,,,,,,,,,,,,,,,,
CPI-SC0847A64D2,FN1_aVb5 complex,simple:P02751,complex:aVb5 complex,ENSG00000115414,,TRUE,FALSE,FALSE,curated,TRUE,1.68,,,,,,,,,,,,,,,,,,,,,,,,,
CPI-SC0A2FE9693,LAMC1_a7b1 complex,simple:P11047,complex:a7b1 complex,ENSG00000135862,,TRUE,FALSE,FALSE,curated,TRUE,1.68,,,,,,,,,,,,,,,,,,,,,,,,,
CPI-CS01A4D7E2F,BMR1B_AVR2A_BMP5,complex:BMR1B_AVR2A,simple:P22003,,ENSG00000112175,TRUE,TRUE,FALSE,curated,FALSE,1.68,,,,,,,,,,,,,,,,,,,,,,,,,
CPI-CS0CA393CC5,BMR1A_AVR2B_BMP5,complex:BMR1A_AVR2B,simple:P22003,,ENSG00000112175,TRUE,TRUE,FALSE,curated,FALSE,1.68,,,,,,,,,,,,,,,,,,,,,,,,,
CPI-CS047EE9E03,BMR1A_ACR2A_BMP5,complex:BMR1A_ACR2A,simple:P22003,,ENSG00000112175,TRUE,TRUE,FALSE,curated,FALSE,1.68,,,,,,,,,,,,,,,,,,,,,,,,,
CPI-CS02C93975C,BMPR1B_BMPR2_BMP5,complex:BMPR1B_BMPR2,simple:P22003,,ENSG00000112175,TRUE,TRUE,FALSE,curated,FALSE,1.68,,,,,,,,,,,,,,,,,,,,,,,,,
CPI-CS046BCFC6F,BMPR1A_BMPR2_BMP5,complex:BMPR1A_BMPR2,simple:P22003,,ENSG00000112175,TRUE,TRUE,FALSE,curated,FALSE,1.68,,,,,,,,,,,,,,,,,,,,,,,,,
CPI-CS0FCC00896,ACVR_1A2B receptor_BMP5,complex:ACVR_1A2B receptor,simple:P22003,,ENSG00000112175,TRUE,TRUE,FALSE,curated,FALSE,1.68,,,,,,,,,,,,,,,,,,,,,,,,,
CPI-CS0EC80CA59,ACVR_1A2A receptor_BMP5,complex:ACVR_1A2A receptor,simple:P22003,,ENSG00000112175,TRUE,TRUE,FALSE,curated,FALSE,1.68,,,,,,,,,,,,,,,,,,,,,,,,,
CPI-CS0E1BF543E,ACVR1_BMPR2_BMP5,complex:ACVR1_BMPR2,simple:P22003,,ENSG00000112175,TRUE,TRUE,FALSE,curated,FALSE,1.68,,,,,,,,,,,,,,,,,,,,,,,,,
CPI-CS08A853007,BMR1B_AVR2B_BMP7,complex:BMR1B_AVR2B,simple:P18075,,ENSG00000101144,TRUE,TRUE,FALSE,curated,FALSE,1.68,,,,,,,,,,,,,,,,,,,,,,,,,
CPI-CS0DF85303A,BMR1B_AVR2A_BMP7,complex:BMR1B_AVR2A,simple:P18075,,ENSG00000101144,TRUE,TRUE,FALSE,curated,FALSE,1.68,,,,,,,,,,,,,,,,,,,,,,,,,
CPI-CS091BF99D0,ACVR_1A2A receptor_INHBA,complex:ACVR_1A2A receptor,simple:P08476,,ENSG00000122641,TRUE,TRUE,FALSE,curated,FALSE,1.68,,,,,,,,,,,,,,,,,,,,,,,,,
CPI-CS08109C435,BMPR1B_BMPR2_BMP7,complex:BMPR1B_BMPR2,simple:P18075,,ENSG00000101144,TRUE,TRUE,FALSE,curated,FALSE,1.68,,,,,,,,,,,,,,,,,,,,,,,,,
CPI-CS04DD927C9,ACVR_1A2B receptor_INHBA,complex:ACVR_1A2B receptor,simple:P08476,,ENSG00000122641,TRUE,TRUE,FALSE,curated,FALSE,1.68,,,,,,,,,,,,,,,,,,,,,,,,,
CPI-SC0527EEE7A,C3_aMb2 complex,simple:P01024,complex:aMb2 complex,ENSG00000125730,,TRUE,FALSE,FALSE,curated,TRUE,1.68,,,,,,,,,,,,,,,,,,,,,,,,,
CPI-CS0533A30DC,ACVR_1B2A receptor_INHBA,complex:ACVR_1B2A receptor,simple:P08476,,ENSG00000122641,TRUE,TRUE,FALSE,curated,FALSE,1.68,,,,,,,,,,,,,,,,,,,,,,,,,
CPI-SC0A05D3880,THY1_aMb2 complex,simple:P04216,complex:aMb2 complex,ENSG00000154096,,FALSE,FALSE,FALSE,curated,TRUE,1.68,,,,,,,,,,,,,,,,,,,,,,,,,
CPI-CS0C159B54D,ACVR_1B2B receptor_INHBA,complex:ACVR_1B2B receptor,simple:P08476,,ENSG00000122641,TRUE,TRUE,FALSE,curated,FALSE,1.68,,,,,,,,,,,,,,,,,,,,,,,,,
CPI-SC056BF6CBB,TNC_a9b1 complex,simple:P24821,complex:a9b1 complex,ENSG00000041982,,TRUE,FALSE,FALSE,curated,TRUE,1.68,,,,,,,,,,,,,,,,,,,,,,,,,
CPI-CS0924060DB,ACVR_1C2A receptor_INHBA,complex:ACVR_1C2A receptor,simple:P08476,,ENSG00000122641,TRUE,TRUE,FALSE,curated,FALSE,1.68,,,,,,,,,,,,,,,,,,,,,,,,,
CPI-CS0107C51C6,BMPR1B_BMPR2_BMP4,complex:BMPR1B_BMPR2,simple:P12644,,ENSG00000125378,TRUE,TRUE,FALSE,curated,FALSE,1.68,,,,,,,,,,,,,,,,,,,,,,,,,
CPI-CS02957B1BF,BMR1B_AVR2A_BMP4,complex:BMR1B_AVR2A,simple:P12644,,ENSG00000125378,TRUE,TRUE,FALSE,curated,FALSE,1.68,,,,,,,,,,,,,,,,,,,,,,,,,
CPI-CS0E997FABD,BMR1B_AVR2B_BMP4,complex:BMR1B_AVR2B,simple:P12644,,ENSG00000125378,TRUE,TRUE,FALSE,curated,FALSE,1.68,,,,,,,,,,,,,,,,,,,,,,,,,
CPI-SC0A58E6695,TNC_aVb3 complex,simple:P24821,complex:aVb3 complex,ENSG00000041982,,TRUE,FALSE,FALSE,curated,TRUE,1.68,,,,,,,,,,,,,,,,,,,,,,,,,
CPI-CS069E2161D,BMR1B_AVR2A_GDF5,complex:BMR1B_AVR2A,simple:P43026,,ENSG00000125965,TRUE,TRUE,FALSE,curated,FALSE,1.68,,,,,,,,,,,,,,,,,,,,,,,,,
CPI-CS089A36491,BMR1B_AVR2B_GDF5,complex:BMR1B_AVR2B,simple:P43026,,ENSG00000125965,TRUE,TRUE,FALSE,curated,FALSE,1.68,,,,,,,,,,,,,,,,,,,,,,,,,
CPI-SC0F590482E,COL9A2_a1b1 complex,simple:Q14055,complex:a1b1 complex,ENSG00000049089,,TRUE,FALSE,FALSE,curated,TRUE,1.68,,,,,,,,,,,,,,,,,,,,,,,,,
CPI-SC0F778DC8E,COL9A3_a1b1 complex,simple:Q14050,complex:a1b1 complex,ENSG00000092758,,TRUE,FALSE,FALSE,curated,TRUE,1.68,,,,,,,,,,,,,,,,,,,,,,,,,
CPI-SC053BBE2B1,COL16A1_a1b1 complex,simple:Q07092,complex:a1b1 complex,ENSG00000084636,,TRUE,FALSE,FALSE,curated,TRUE,1.68,,,,,,,,,,,,,,,,,,,,,,,,,
CPI-SC035953E6B,COL7A1_a1b1 complex,simple:Q02388,complex:a1b1 complex,ENSG00000114270,,TRUE,FALSE,FALSE,curated,TRUE,1.68,,,,,,,,,,,,,,,,,,,,,,,,,
CPI-SC0EA3FC100,COL18A1_a1b1 complex,simple:P39060,complex:a1b1 complex,ENSG00000182871,,TRUE,FALSE,FALSE,curated,TRUE,1.68,,,,,,,,,,,,,,,,,,,,,,,,,
CPI-CS0569B9B91,BMPR1B_BMPR2_BMPR1A,complex:BMPR1B_BMPR2,simple:P36894,,ENSG00000107779,FALSE,TRUE,TRUE,curated,FALSE,1.68,,,,,,,,,,,,,,,,,,,,,,,,,
CPI-CS04F78ACD6,ACVR_1B2A receptor_GDF11,complex:ACVR_1B2A receptor,simple:O95390,,ENSG00000135414,TRUE,TRUE,FALSE,curated,FALSE,1.68,,,,,,,,,,,,,,,,,,,,,,,,,
CPI-CS0384572FE,ACVR_1B2B receptor_GDF11,complex:ACVR_1B2B receptor,simple:O95390,,ENSG00000135414,TRUE,TRUE,FALSE,curated,FALSE,1.68,,,,,,,,,,,,,,,,,,,,,,,,,
CPI-SC0F8D27FBC,COL15A1_a1b1 complex,simple:P39059,complex:a1b1 complex,ENSG00000204291,,TRUE,FALSE,FALSE,curated,TRUE,1.68,,,,,,,,,,,,,,,,,,,,,,,,,
CPI-SC0EC572716,COL4A5_a1b1 complex,simple:P29400,complex:a1b1 complex,ENSG00000188153,,TRUE,FALSE,FALSE,curated,TRUE,1.68,,,,,,,,,,,,,,,,,,,,,,,,,
CPI-SC0DAD29856,COL5A3_a1b1 complex,simple:P25940,complex:a1b1 complex,ENSG00000080573,,TRUE,FALSE,FALSE,curated,TRUE,1.68,,,,,,,,,,,,,,,,,,,,,,,,,
CPI-SC05992FDC8,COL5A1_a1b1 complex,simple:P20908,complex:a1b1 complex,ENSG00000130635,,TRUE,FALSE,FALSE,curated,TRUE,1.68,,,,,,,,,,,,,,,,,,,,,,,,,
CPI-SC05B6D413B,COL9A1_a1b1 complex,simple:P20849,complex:a1b1 complex,ENSG00000112280,,TRUE,FALSE,FALSE,curated,TRUE,1.68,,,,,,,,,,,,,,,,,,,,,,,,,
CPI-SC0A8E69BC5,COL11A2_a1b1 complex,simple:P13942,complex:a1b1 complex,ENSG00000204248,,TRUE,FALSE,FALSE,curated,TRUE,1.68,,,,,,,,,,,,,,,,,,,,,,,,,
CPI-SC0F4BC2909,COL6A2_a1b1 complex,simple:P12110,complex:a1b1 complex,ENSG00000142173,,TRUE,FALSE,FALSE,curated,TRUE,1.68,,,,,,,,,,,,,,,,,,,,,,,,,
CPI-SC09FDA4F45,COL6A1_a1b1 complex,simple:P12109,complex:a1b1 complex,ENSG00000142156,,TRUE,FALSE,FALSE,curated,TRUE,1.68,,,,,,,,,,,,,,,,,,,,,,,,,
CPI-SC06E5E0C83,COL11A1_a1b1 complex,simple:P12107,complex:a1b1 complex,ENSG00000060718,,TRUE,FALSE,FALSE,curated,TRUE,1.68,,,,,,,,,,,,,,,,,,,,,,,,,
CPI-SC0BA41B0D3,COL19A1_a1b1 complex,simple:Q14993,complex:a1b1 complex,ENSG00000082293,,TRUE,FALSE,FALSE,curated,TRUE,1.68,,,,,,,,,,,,,,,,,,,,,,,,,
CPI-SC006E22794,COL1A2_a1b1 complex,simple:P08123,complex:a1b1 complex,ENSG00000164692,,TRUE,FALSE,FALSE,curated,TRUE,1.68,,,,,,,,,,,,,,,,,,,,,,,,,
CPI-SC090DB3159,COL24A1_a1b1 complex,simple:Q17RW2,complex:a1b1 complex,ENSG00000171502,,TRUE,FALSE,FALSE,curated,TRUE,1.68,,,,,,,,,,,,,,,,,,,,,,,,,
CPI-SC0EACF2D60,COL26A1_a1b1 complex,simple:Q96A83,complex:a1b1 complex,ENSG00000160963,,TRUE,FALSE,FALSE,curated,TRUE,1.68,,,,,,,,,,,,,,,,,,,,,,,,,
CPI-CS09CECD20D,BMPR1A_BMPR2_GDF5,complex:BMPR1A_BMPR2,simple:P43026,,ENSG00000125965,TRUE,TRUE,FALSE,curated,FALSE,1.68,,,,,,,,,,,,,,,,,,,,,,,,,
CPI-CS0700FDD27,BMPR1B_BMPR2_GDF5,complex:BMPR1B_BMPR2,simple:P43026,,ENSG00000125965,TRUE,TRUE,FALSE,curated,FALSE,1.68,,,,,,,,,,,,,,,,,,,,,,,,,
CPI-SC0E1037D03,VWF_aVb3 complex,simple:P04275,complex:aVb3 complex,ENSG00000110799,,TRUE,FALSE,FALSE,curated,TRUE,1.68,,,,,,,,,,,,,,,,,,,,,,,,,
CPI-SC00756BB93,THY1_aVb3 complex,simple:P04216,complex:aVb3 complex,ENSG00000154096,,FALSE,FALSE,FALSE,curated,TRUE,1.68,,,,,,,,,,,,,,,,,,,,,,,,,
CPI-SC0E2D0DC4B,FGF1_aVb3 complex,simple:P05230,complex:aVb3 complex,ENSG00000113578,,TRUE,FALSE,FALSE,curated,TRUE,1.68,,,,,,,,,,,,,,,,,,,,,,,,,
CPI-CS0DAA66443,BMR1A_ACR2A_GDF5,complex:BMR1A_ACR2A,simple:P43026,,ENSG00000125965,TRUE,TRUE,FALSE,curated,FALSE,1.68,,,,,,,,,,,,,,,,,,,,,,,,,
CPI-SC044E3F9B6,FGF2_aVb3 complex,simple:P09038,complex:aVb3 complex,ENSG00000138685,,TRUE,FALSE,FALSE,curated,TRUE,1.68,,,,,,,,,,,,,,,,,,,,,,,,,
CPI-SC0755598EE,THBS1_aVb3 complex,simple:P07996,complex:aVb3 complex,ENSG00000137801,,FALSE,FALSE,FALSE,curated,TRUE,1.68,,,,,,,,,,,,,,,,,,,,,,,,,
CPI-CS036BF2AC7,BMR1A_AVR2B_GDF5,complex:BMR1A_AVR2B,simple:P43026,,ENSG00000125965,TRUE,TRUE,FALSE,curated,FALSE,1.68,,,,,,,,,,,,,,,,,,,,,,,,,
CPI-SC0530C27A8,VTN_aVb3 complex,simple:P04004,complex:aVb3 complex,ENSG00000109072,,TRUE,FALSE,FALSE,curated,TRUE,1.68,,,,,,,,,,,,,,,,,,,,,,,,,
CPI-SC0EC380922,F2_aVb3 complex,simple:P00734,complex:aVb3 complex,ENSG00000180210,,TRUE,FALSE,FALSE,curated,TRUE,1.68,,,,,,,,,,,,,,,,,,,,,,,,,
CPI-SC090855C8E,FN1_aVb3 complex,simple:P02751,complex:aVb3 complex,ENSG00000115414,,TRUE,FALSE,FALSE,curated,TRUE,1.68,,,,,,,,,,,,,,,,,,,,,,,,,
CPI-SC0200AC9E3,THBS1_a2Bb3 complex,simple:P07996,complex:a2Bb3 complex,ENSG00000137801,,FALSE,FALSE,FALSE,curated,TRUE,1.68,,,,,,,,,,,,,,,,,,,,,,,,,
CPI-SC08067D831,VTN_a2Bb3 complex,simple:P04004,complex:a2Bb3 complex,ENSG00000109072,,TRUE,FALSE,FALSE,curated,TRUE,1.68,,,,,,,,,,,,,,,,,,,,,,,,,
CPI-SC0BAB29E69,F2_a2Bb3 complex,simple:P00734,complex:a2Bb3 complex,ENSG00000180210,,TRUE,FALSE,FALSE,curated,TRUE,1.68,,,,,,,,,,,,,,,,,,,,,,,,,
CPI-SC08B6B74FB,FN1_a2Bb3 complex,simple:P02751,complex:a2Bb3 complex,ENSG00000115414,,TRUE,FALSE,FALSE,curated,TRUE,1.68,,,,,,,,,,,,,,,,,,,,,,,,,
CPI-SC0EAF80261,SEMA7A_a1b1 complex,simple:O75326,complex:a1b1 complex,ENSG00000138623,,FALSE,FALSE,FALSE,curated,TRUE,1.68,,,,,,,,,,,,,,,,,,,,,,,,,
CPI-SC00BE2EEE3,COL20A1_a1b1 complex,simple:Q9P218,complex:a1b1 complex,ENSG00000101203,,TRUE,FALSE,FALSE,curated,TRUE,1.68,,,,,,,,,,,,,,,,,,,,,,,,,
CPI-SC004A436C5,COL12A1_a1b1 complex,simple:Q99715,complex:a1b1 complex,ENSG00000111799,,TRUE,FALSE,FALSE,curated,TRUE,1.68,,,,,,,,,,,,,,,,,,,,,,,,,
CPI-SC0D7F33CFB,COL27A1_a1b1 complex,simple:Q8IZC6,complex:a1b1 complex,ENSG00000196739,,TRUE,FALSE,FALSE,curated,TRUE,1.68,,,,,,,,,,,,,,,,,,,,,,,,,
CPI-SC091173D82,COL4A4_a1b1 complex,simple:P53420,complex:a1b1 complex,ENSG00000081052,,TRUE,FALSE,FALSE,curated,TRUE,1.68,,,,,,,,,,,,,,,,,,,,,,,,,
CPI-SS0FEC87269,KLRG2_TNFSF9,simple:A4D1S0,simple:P41273,ENSG00000188883,ENSG00000125657,TRUE,TRUE,FALSE,InnateDB-All,FALSE,1.68,,,,,,,,,,,,,,,,,,,,,,,,,
CPI-SS0C6448B94,IL1B_ADRB2,simple:P01584,simple:P07550,ENSG00000125538,ENSG00000169252,TRUE,FALSE,TRUE,I2D,FALSE,1.68,,,,,,,,,,,,,,,,,,,,,,,,,
CPI-SS0D4BF6CA3,CD27_CD70,simple:P26842,simple:P32970,ENSG00000139193,ENSG00000125726,TRUE,TRUE,FALSE,curated,FALSE,1.68,,,,,,,,,,,,,,,,,,,,,,,,,
CPI-SS0AA47D179,TNFRSF13B_CD70,simple:O14836,simple:P32970,ENSG00000240505,ENSG00000125726,TRUE,TRUE,FALSE,InnateDB-All,FALSE,1.68,,,,,,,,,,,,,,,,,,,,,,,,,
CPI-SS07155793F,ACKR3_CXCL12,simple:P25106,simple:P48061,ENSG00000144476,ENSG00000107562,TRUE,TRUE,FALSE,guidetopharmacology.org,FALSE,1.68,,,,,,,,,,,,,,,,,,,,,,,,,
CPI-SS0DBA4D668,DPP4_CXCL12,simple:P27487,simple:P48061,ENSG00000197635,ENSG00000107562,TRUE,TRUE,FALSE,curated,FALSE,1.68,,,,,,,,,,,,,,,,,,,,,,,,,
CPI-SS034B442CE,TNF_CELSR2,simple:P01375,simple:Q9HCU4,ENSG00000232810,ENSG00000143126,TRUE,FALSE,TRUE,InnateDB-All,FALSE,1.68,,,,,,,,,,,,,,,,,,,,,,,,,
CPI-SS0FBC9234C,TNF_PTPRS,simple:P01375,simple:Q13332,ENSG00000232810,ENSG00000105426,TRUE,FALSE,TRUE,InnateDB-All,FALSE,1.68,,,,,,,,,,,,,,,,,,,,,,,,,
CPI-SS0DEDA3567,TNFSF10_RIPK1,simple:P50591,simple:Q13546,ENSG00000121858,ENSG00000137275,TRUE,FALSE,TRUE,InnateDB-All,FALSE,1.68,,,,,,,,,,,,,,,,,,,,,,,,,
CPI-SS048A2311A,TNF_RIPK1,simple:P01375,simple:Q13546,ENSG00000232810,ENSG00000137275,TRUE,FALSE,TRUE,"I2D,IMEx,InnateDB,InnateDB-All,IntAct,MINT",FALSE,1.68,,,,,,,,,,,,,,,,,,,,,,,,,
CPI-SS0E7D5974D,TNF_TNFRSF1B,simple:P01375,simple:P20333,ENSG00000232810,ENSG00000028137,TRUE,FALSE,TRUE,curated,FALSE,1.68,,,,,,,,,,,,,,,,,,,,,,,,,
CPI-SS08B7D54A3,TNF_FAS,simple:P01375,simple:P25445,ENSG00000232810,ENSG00000026103,TRUE,FALSE,TRUE,InnateDB-All,FALSE,1.68,,,,,,,,,,,,,,,,,,,,,,,,,
CPI-SS04B4619D0,TNF_TNFRSF1A,simple:P01375,simple:P19438,ENSG00000232810,ENSG00000067182,TRUE,FALSE,TRUE,curated,FALSE,1.68,,,,,,,,,,,,,,,,,,,,,,,,,
CPI-SS03B8E2D7A,TNF_ICOS,simple:P01375,simple:Q9Y6W8,ENSG00000232810,ENSG00000163600,TRUE,FALSE,TRUE,InnateDB-All,FALSE,1.68,,,,,,,,,,,,,,,,,,,,,,,,,
CPI-SS09C917D22,TNF_FLT4,simple:P01375,simple:P35916,ENSG00000232810,ENSG00000037280,TRUE,FALSE,TRUE,InnateDB-All,FALSE,1.68,,,,,,,,,,,,,,,,,,,,,,,,,
CPI-SS0B81F1BF5,TNF_SEMA4C,simple:P01375,simple:Q9C0C4,ENSG00000232810,ENSG00000168758,TRUE,FALSE,TRUE,InnateDB-All,FALSE,1.68,,,,,,,,,,,,,,,,,,,,,,,,,
CPI-SS02EBC1BB0,TNF_NOTCH1,simple:P01375,simple:P46531,ENSG00000232810,ENSG00000148400,TRUE,FALSE,TRUE,I2D,FALSE,1.68,,,,,,,,,,,,,,,,,,,,,,,,,
CPI-SS0F8EFEECF,TNF_DAG1,simple:P01375,simple:Q14118,ENSG00000232810,ENSG00000173402,TRUE,FALSE,TRUE,InnateDB-All,FALSE,1.68,,,,,,,,,,,,,,,,,,,,,,,,,
CPI-SS03F0B666C,BDNF_F11R,simple:P23560,simple:Q9Y624,ENSG00000176697,ENSG00000158769,TRUE,FALSE,TRUE,"IMEx,InnateDB-All,IntAct",FALSE,1.68,,,,,,,,,,,,,,,,,,,,,,,,,
CPI-SS09A36B221,BDNF_SORT1,simple:P23560,simple:Q99523,ENSG00000176697,ENSG00000134243,TRUE,FALSE,TRUE,"I2D,IMEx,InnateDB-All,IntAct",FALSE,1.68,,,,,,,,,,,,,,,,,,,,,,,,,
CPI-SS0BA601DC4,BDNF_NTRK2,simple:P23560,simple:Q16620,ENSG00000176697,ENSG00000148053,TRUE,FALSE,TRUE,curated,FALSE,1.68,,,,,,,,,,,,,,,,,,,,,,,,,
CPI-SS05BA6D9C3,CCL4_CNR2,simple:P13236,simple:P34972,ENSG00000275302,ENSG00000188822,TRUE,FALSE,TRUE,"IMEx,IntAct",FALSE,1.68,,,,,,,,,,,,,,,,,,,,,,,,,
CPI-SS0B01D306C,CCL5_CCR5,simple:P13501,simple:P51681,ENSG00000271503,ENSG00000160791,TRUE,FALSE,TRUE,curated,FALSE,1.68,,,,,,,,,,,,,,,,,,,,,,,,,
CPI-SS01BCB9360,NCAM1_BDNF,simple:P13591,simple:P23560,ENSG00000149294,ENSG00000176697,TRUE,TRUE,FALSE,I2D,FALSE,1.68,,,,,,,,,,,,,,,,,,,,,,,,,
CPI-SS027CDEA08,NOTCH2_DLL4,simple:Q04721,simple:Q9NR61,ENSG00000134250,ENSG00000128917,FALSE,TRUE,FALSE,curated,FALSE,1.68,,,,,,,,,,,,,,,,,,,,,,,,,
CPI-SS012B7C21D,NOTCH1_DLL4,simple:P46531,simple:Q9NR61,ENSG00000148400,ENSG00000128917,FALSE,TRUE,FALSE,curated,FALSE,1.68,,,,,,,,,,,,,,,,,,,,,,,,,
CPI-SS00D153A8A,NOTCH4_DLL4,simple:Q99466,simple:Q9NR61,ENSG00000204301,ENSG00000128917,FALSE,TRUE,FALSE,curated,FALSE,1.68,,,,,,,,,,,,,,,,,,,,,,,,,
CPI-SS0EFE0B07A,CXCL12_CXCR3,simple:P48061,simple:P49682,ENSG00000107562,ENSG00000186810,TRUE,FALSE,TRUE,guidetopharmacology.org,FALSE,1.68,,,,,,,,,,,,,,,,,,,,,,,,,
CPI-SS080683E15,CXCL10_CXCR3,simple:P02778,simple:P49682,ENSG00000169245,ENSG00000186810,TRUE,FALSE,TRUE,curated,FALSE,1.68,,,,,,,,,,,,,,,,,,,,,,,,,
CPI-SS01A6823FA,PF4_CXCR3,simple:P02776,simple:P49682,ENSG00000163737,ENSG00000186810,TRUE,FALSE,TRUE,curated,FALSE,1.68,,,,,,,,,,,,,,,,,,,,,,,,,
CPI-SS0FDAB7BA8,CXCL10_DPP4,simple:P02778,simple:P27487,ENSG00000169245,ENSG00000197635,TRUE,FALSE,TRUE,curated,FALSE,1.68,,,,,,,,,,,,,,,,,,,,,,,,,
CPI-SS07EC65CED,CCL7_ACKR1,simple:P80098,simple:Q16570,ENSG00000108688,ENSG00000213088,TRUE,FALSE,TRUE,I2D,FALSE,1.68,,,,,,,,,,,,,,,,,,,,,,,,,
CPI-SS05B7D3407,CCL5_ACKR1,simple:P13501,simple:Q16570,ENSG00000271503,ENSG00000213088,TRUE,FALSE,TRUE,curated,FALSE,1.68,,,,,,,,,,,,,,,,,,,,,,,,,
CPI-SS0A021DB6E,CCL5_CCR1,simple:P13501,simple:P32246,ENSG00000271503,ENSG00000163823,TRUE,FALSE,TRUE,curated,FALSE,1.68,,,,,,,,,,,,,,,,,,,,,,,,,
CPI-SS0F6B529A1,CCL5_CCR3,simple:P13501,simple:P51677,ENSG00000271503,ENSG00000183625,TRUE,FALSE,TRUE,curated,FALSE,1.68,,,,,,,,,,,,,,,,,,,,,,,,,
CPI-SS08BFF4F9B,CCL3_CCR3,simple:P10147,simple:P51677,ENSG00000277632,ENSG00000183625,TRUE,FALSE,TRUE,curated,FALSE,1.68,,,,,,,,,,,,,,,,,,,,,,,,,
CPI-SS0B0AC1603,CCL24_CCR3,simple:O00175,simple:P51677,ENSG00000106178,ENSG00000183625,TRUE,FALSE,TRUE,curated,FALSE,1.68,,,,,,,,,,,,,,,,,,,,,,,,,
CPI-SS03FA58286,TNF_VSIR,simple:P01375,simple:Q9H7M9,ENSG00000232810,ENSG00000107738,TRUE,FALSE,TRUE,"IMEx,IntAct",FALSE,1.68,,,,,,,,,,,,,,,,,,,,,,,,,
CPI-SS0CF0E4DE9,CCL2_CCR2,simple:P13500,simple:P41597,ENSG00000108691,ENSG00000121807,TRUE,FALSE,TRUE,curated,FALSE,1.68,,,,,,,,,,,,,,,,,,,,,,,,,
CPI-SS030EDC420,FZD9_WNT7A,simple:O00144,simple:O00755,ENSG00000188763,ENSG00000154764,TRUE,TRUE,FALSE,I2D,FALSE,1.68,,,,,,,,,,,,,,,,,,,,,,,,,
CPI-SS01A07768A,CD46_JAG1,simple:P15529,simple:P78504,ENSG00000117335,ENSG00000101384,FALSE,TRUE,FALSE,curated,FALSE,1.68,,,,,,,,,,,,,,,,,,,,,,,,,
CPI-SS0B87FE6E0,NOTCH1_JAG1,simple:P46531,simple:P78504,ENSG00000148400,ENSG00000101384,FALSE,TRUE,FALSE,curated,FALSE,1.68,,,,,,,,,,,,,,,,,,,,,,,,,
CPI-SS0FA326344,FZD6_WNT4,simple:O60353,simple:P56705,ENSG00000164930,ENSG00000162552,TRUE,TRUE,FALSE,curated,FALSE,1.68,,,,,,,,,,,,,,,,,,,,,,,,,
CPI-SS0B42AD9EF,NOTCH1_WNT4,simple:P46531,simple:P56705,ENSG00000148400,ENSG00000162552,TRUE,TRUE,FALSE,I2D,FALSE,1.68,,,,,,,,,,,,,,,,,,,,,,,,,
CPI-SS0C4D54E39,NOTCH3_JAG2,simple:Q9UM47,simple:Q9Y219,ENSG00000074181,ENSG00000184916,FALSE,TRUE,FALSE,curated,FALSE,1.68,,,,,,,,,,,,,,,,,,,,,,,,,
CPI-SS05FEE05CB,NOTCH4_JAG2,simple:Q99466,simple:Q9Y219,ENSG00000204301,ENSG00000184916,FALSE,TRUE,FALSE,curated,FALSE,1.68,,,,,,,,,,,,,,,,,,,,,,,,,
CPI-SS08C3D27F7,NOTCH1_JAG2,simple:P46531,simple:Q9Y219,ENSG00000148400,ENSG00000184916,FALSE,TRUE,FALSE,curated,FALSE,1.68,,,,,,,,,,,,,,,,,,,,,,,,,
CPI-SS02770D68F,NOTCH2_JAG2,simple:Q04721,simple:Q9Y219,ENSG00000134250,ENSG00000184916,FALSE,TRUE,FALSE,curated,FALSE,1.68,,,,,,,,,,,,,,,,,,,,,,,,,
CPI-SS09D379E5B,NOTCH4_DLL3,simple:Q99466,simple:Q9NYJ7,ENSG00000204301,ENSG00000090932,FALSE,TRUE,FALSE,curated,FALSE,1.68,,,,,,,,,,,,,,,,,,,,,,,,,
CPI-SS0B7BC0E4D,CCL24_CCR2,simple:O00175,simple:P41597,ENSG00000106178,ENSG00000121807,TRUE,FALSE,TRUE,guidetopharmacology.org,FALSE,1.68,,,,,,,,,,,,,,,,,,,,,,,,,
CPI-SS0241A1F57,NRP2_SEMA3C,simple:O60462,simple:Q99985,ENSG00000118257,ENSG00000075223,TRUE,TRUE,FALSE,curated,FALSE,1.68,,,,,,,,,,,,,,,,,,,,,,,,,
CPI-SS0947A8549,FLT1_VEGFB,simple:P17948,simple:P49765,ENSG00000102755,ENSG00000173511,TRUE,TRUE,FALSE,curated,FALSE,1.68,,,,,,,,,,,,,,,,,,,,,,,,,
CPI-SS0E61DB5DF,FLT1_PGF,simple:P17948,simple:P49763,ENSG00000102755,ENSG00000119630,TRUE,TRUE,FALSE,curated,FALSE,1.68,,,,,,,,,,,,,,,,,,,,,,,,,
CPI-SS0D46E2B45,TGFB3_TGFBR3,simple:P10600,simple:Q03167,ENSG00000119699,ENSG00000069702,TRUE,FALSE,TRUE,curated,FALSE,1.68,,,,,,,,,,,,,,,,,,,,,,,,,
CPI-SS0FB37E079,INHA_TGFBR3,simple:P05111,simple:Q03167,ENSG00000123999,ENSG00000069702,TRUE,FALSE,TRUE,I2D,FALSE,1.68,,,,,,,,,,,,,,,,,,,,,,,,,
CPI-SS085EE60B1,TGFB1_TGFBR3,simple:P01137,simple:Q03167,ENSG00000105329,ENSG00000069702,TRUE,FALSE,TRUE,curated,FALSE,1.68,,,,,,,,,,,,,,,,,,,,,,,,,
CPI-SS068C742A1,FGF1_TGFBR3,simple:P05230,simple:Q03167,ENSG00000113578,ENSG00000069702,TRUE,FALSE,TRUE,InnateDB-All,FALSE,1.68,,,,,,,,,,,,,,,,,,,,,,,,,
CPI-SS0C1BD22BC,SPP1_PTGER4,simple:P10451,simple:P35408,ENSG00000118785,ENSG00000171522,TRUE,FALSE,TRUE,"IMEx,MINT",FALSE,1.68,,,,,,,,,,,,,,,,,,,,,,,,,
CPI-SS0CB6968B9,FGF2_FGFRL1,simple:P09038,simple:Q8N441,ENSG00000138685,ENSG00000127418,TRUE,FALSE,TRUE,I2D,FALSE,1.68,,,,,,,,,,,,,,,,,,,,,,,,,
CPI-SS0BF3ED143,FGFR2_FGFR3,simple:P21802,simple:P22607,ENSG00000066468,ENSG00000068078,TRUE,TRUE,TRUE,"IMEx,InnateDB-All",FALSE,1.68,,,,,,,,,,,,,,,,,,,,,,,,,
CPI-SS00E68BB92,FGF7_FGFR3,simple:P21781,simple:P22607,ENSG00000140285,ENSG00000068078,TRUE,FALSE,TRUE,I2D,FALSE,1.68,,,,,,,,,,,,,,,,,,,,,,,,,
CPI-SS015819E65,FGF1_FGFR3,simple:P05230,simple:P22607,ENSG00000113578,ENSG00000068078,TRUE,FALSE,TRUE,"I2D,IMEx,InnateDB-All,IntAct",FALSE,1.68,,,,,,,,,,,,,,,,,,,,,,,,,
CPI-SS0D636A374,FGF2_FGFR3,simple:P09038,simple:P22607,ENSG00000138685,ENSG00000068078,TRUE,FALSE,TRUE,curated,FALSE,1.68,,,,,,,,,,,,,,,,,,,,,,,,,
CPI-SS0178F5C45,TGFB2_TGFBR3,simple:P61812,simple:Q03167,ENSG00000092969,ENSG00000069702,TRUE,FALSE,TRUE,curated,FALSE,1.68,,,,,,,,,,,,,,,,,,,,,,,,,
CPI-SS0735F5C3A,TIMP1_FGFR2,simple:P01033,simple:P21802,ENSG00000102265,ENSG00000066468,TRUE,FALSE,TRUE,InnateDB-All,FALSE,1.68,,,,,,,,,,,,,,,,,,,,,,,,,
CPI-SS04A97448D,FGF1_FGFR2,simple:P05230,simple:P21802,ENSG00000113578,ENSG00000066468,TRUE,FALSE,TRUE,"I2D,IMEx,InnateDB-All,IntAct,MINT",FALSE,1.68,,,,,,,,,,,,,,,,,,,,,,,,,
CPI-SS05A94DE17,FGF2_FGFR2,simple:P09038,simple:P21802,ENSG00000138685,ENSG00000066468,TRUE,FALSE,TRUE,curated,FALSE,1.68,,,,,,,,,,,,,,,,,,,,,,,,,
CPI-SS0755A26DD,FGF1_FGFR1,simple:P05230,simple:P11362,ENSG00000113578,ENSG00000077782,TRUE,FALSE,TRUE,curated,FALSE,1.68,,,,,,,,,,,,,,,,,,,,,,,,,
CPI-SS01F67987A,FGF2_FGFR1,simple:P09038,simple:P11362,ENSG00000138685,ENSG00000077782,TRUE,FALSE,TRUE,curated,FALSE,1.68,,,,,,,,,,,,,,,,,,,,,,,,,
CPI-SS03722104E,HGF_CD44,simple:P14210,simple:P16070,ENSG00000019991,ENSG00000026508,TRUE,FALSE,TRUE,"IMEx,InnateDB-All,IntAct",FALSE,1.68,,,,,,,,,,,,,,,,,,,,,,,,,
CPI-SS0703338F5,LGALS9_CD44,simple:O00182,simple:P16070,ENSG00000168961,ENSG00000026508,TRUE,FALSE,TRUE,InnateDB,FALSE,1.68,,,,,,,,,,,,,,,,,,,,,,,,,
CPI-SS02AB0C3E0,SPP1_CD44,simple:P10451,simple:P16070,ENSG00000118785,ENSG00000026508,TRUE,FALSE,TRUE,"I2D,IMEx,InnateDB-All,IntAct",FALSE,1.68,,,,,,,,,,,,,,,,,,,,,,,,,
CPI-SS03DA2A820,FGF2_CD44,simple:P09038,simple:P16070,ENSG00000138685,ENSG00000026508,TRUE,FALSE,TRUE,"I2D,InnateDB-All",FALSE,1.68,,,,,,,,,,,,,,,,,,,,,,,,,
CPI-SS044DF8749,KLRG2_WNT5B,simple:A4D1S0,simple:Q9H1J7,ENSG00000188883,ENSG00000111186,TRUE,TRUE,FALSE,InnateDB-All,FALSE,1.68,,,,,,,,,,,,,,,,,,,,,,,,,
CPI-SS00A8596B5,PVR_TNFSF9,simple:P15151,simple:P41273,ENSG00000073008,ENSG00000125657,TRUE,TRUE,FALSE,InnateDB-All,FALSE,1.68,,,,,,,,,,,,,,,,,,,,,,,,,
CPI-SS06B86672A,CD44_FGFR2,simple:P16070,simple:P21802,ENSG00000026508,ENSG00000066468,TRUE,TRUE,TRUE,InnateDB-All,FALSE,1.68,,,,,,,,,,,,,,,,,,,,,,,,,
CPI-SS0EC70F078,SCT_VIPR1,simple:P09683,simple:P32241,ENSG00000070031,ENSG00000114812,TRUE,FALSE,TRUE,"I2D,InnateDB-All",FALSE,1.68,,,,,,,,,,,,,,,,,,,,,,,,,
CPI-SS0E2431C09,PDCD1_FAM3C,simple:Q15116,simple:Q92520,ENSG00000188389,ENSG00000196937,TRUE,TRUE,FALSE,InnateDB-All,FALSE,1.68,,,,,,,,,,,,,,,,,,,,,,,,,
CPI-SS08F13AD5C,CD80_CD274,simple:P33681,simple:Q9NZQ7,ENSG00000121594,ENSG00000120217,FALSE,TRUE,TRUE,curated,FALSE,1.68,,,,,,,,,,,,,,,,,,,,,,,,,
CPI-SS0D22A09AD,NRP2_PGF,simple:O60462,simple:P49763,ENSG00000118257,ENSG00000119630,TRUE,TRUE,FALSE,curated,FALSE,1.68,,,,,,,,,,,,,,,,,,,,,,,,,
CPI-SS0855C0353,NRP1_PGF,simple:O14786,simple:P49763,ENSG00000099250,ENSG00000119630,TRUE,TRUE,FALSE,curated,FALSE,1.68,,,,,,,,,,,,,,,,,,,,,,,,,
CPI-SS074CF011C,ERBB4_NRG4,simple:Q15303,simple:Q8WWG1,ENSG00000178568,ENSG00000169752,TRUE,TRUE,FALSE,curated,FALSE,1.68,,,,,,,,,,,,,,,,,,,,,,,,,
CPI-SS00A6D366F,ADORA2A_NAMPT,simple:P29274,simple:P43490,ENSG00000128271,ENSG00000105835,TRUE,TRUE,FALSE,"I2D,IMEx,InnateDB-All,MINT",FALSE,1.68,,,,,,,,,,,,,,,,,,,,,,,,,
CPI-SS0E9A581F8,ICAM1_ITGAL,simple:P05362,simple:P20701,ENSG00000090339,ENSG00000005844,FALSE,TRUE,TRUE,curated,FALSE,1.68,,,,,,,,,,,,,,,,,,,,,,,,,
CPI-SS09C4FCB90,ICAM1_SPN,simple:P05362,simple:P16150,ENSG00000090339,ENSG00000197471,FALSE,TRUE,FALSE,curated,FALSE,1.68,,,,,,,,,,,,,,,,,,,,,,,,,
CPI-SS0E2863F09,TNFRSF17_TNFSF13B,simple:Q02223,simple:Q9Y275,ENSG00000048462,ENSG00000102524,TRUE,TRUE,FALSE,curated,FALSE,1.68,,,,,,,,,,,,,,,,,,,,,,,,,
CPI-SS0F00D756A,CD40_TNFSF13B,simple:P25942,simple:Q9Y275,ENSG00000101017,ENSG00000102524,TRUE,TRUE,FALSE,"I2D,InnateDB",FALSE,1.68,,,,,,,,,,,,,,,,,,,,,,,,,
CPI-SS03133B4F2,TFRC_TNFSF13B,simple:P02786,simple:Q9Y275,ENSG00000072274,ENSG00000102524,TRUE,TRUE,FALSE,"IMEx,IntAct",FALSE,1.68,,,,,,,,,,,,,,,,,,,,,,,,,
CPI-SS03C51D352,TNFRSF13B_TNFSF13B,simple:O14836,simple:Q9Y275,ENSG00000240505,ENSG00000102524,TRUE,TRUE,FALSE,curated,FALSE,1.68,,,,,,,,,,,,,,,,,,,,,,,,,
CPI-SS016EE0084,PDCD1_CD274,simple:Q15116,simple:Q9NZQ7,ENSG00000188389,ENSG00000120217,FALSE,TRUE,TRUE,curated,FALSE,1.68,,,,,,,,,,,,,,,,,,,,,,,,,
CPI-SS0632A027A,CD44_HBEGF,simple:P16070,simple:Q99075,ENSG00000026508,ENSG00000113070,TRUE,TRUE,TRUE,"I2D,InnateDB-All",FALSE,1.68,,,,,,,,,,,,,,,,,,,,,,,,,
CPI-SS088A0A760,EGFR_COPA,simple:P00533,simple:P53621,ENSG00000146648,ENSG00000122218,TRUE,TRUE,FALSE,InnateDB-All,FALSE,1.68,,,,,,,,,,,,,,,,,,,,,,,,,
CPI-SS08CA619FE,EGFR_GRN,simple:P00533,simple:P28799,ENSG00000146648,ENSG00000030582,TRUE,TRUE,FALSE,InnateDB-All,FALSE,1.68,,,,,,,,,,,,,,,,,,,,,,,,,
CPI-SS00EDDD458,EGFR_MIF,simple:P00533,simple:P14174,ENSG00000146648,ENSG00000240972,TRUE,TRUE,FALSE,"IMEx,InnateDB-All",FALSE,1.68,,,,,,,,,,,,,,,,,,,,,,,,,
CPI-SS0055264F3,EGFR_TGFB1,simple:P00533,simple:P01137,ENSG00000146648,ENSG00000105329,TRUE,TRUE,FALSE,"IMEx,InnateDB-All,MINT",FALSE,1.68,,,,,,,,,,,,,,,,,,,,,,,,,
CPI-SS0E25CE362,EGFR_TGFA,simple:P00533,simple:P01135,ENSG00000146648,ENSG00000163235,TRUE,TRUE,FALSE,curated,FALSE,1.68,,,,,,,,,,,,,,,,,,,,,,,,,
CPI-SS0F4D30D5A,EGFR_EGF,simple:P00533,simple:P01133,ENSG00000146648,ENSG00000138798,TRUE,TRUE,FALSE,curated,FALSE,1.68,,,,,,,,,,,,,,,,,,,,,,,,,
CPI-SS0BF9FA3F2,ERBB3_NRG1,simple:P21860,simple:Q02297,ENSG00000065361,ENSG00000157168,TRUE,TRUE,TRUE,curated,FALSE,1.68,,,,,,,,,,,,,,,,,,,,,,,,,
CPI-SS00A953C3A,EGF_NRG1,simple:P01133,simple:Q02297,ENSG00000138798,ENSG00000157168,TRUE,FALSE,TRUE,I2D,FALSE,1.68,,,,,,,,,,,,,,,,,,,,,,,,,
CPI-SS09375CA29,ADGRL1_NRG1,simple:O94910,simple:Q02297,ENSG00000072071,ENSG00000157168,TRUE,TRUE,TRUE,InnateDB-All,FALSE,1.68,,,,,,,,,,,,,,,,,,,,,,,,,
CPI-SS0B02DE712,EGFR_NRG1,simple:P00533,simple:Q02297,ENSG00000146648,ENSG00000157168,TRUE,TRUE,TRUE,"I2D,IMEx,InnateDB-All,IntAct",FALSE,1.68,,,,,,,,,,,,,,,,,,,,,,,,,
CPI-SS0C10824C7,EGFR_HBEGF,simple:P00533,simple:Q99075,ENSG00000146648,ENSG00000113070,TRUE,TRUE,TRUE,curated,FALSE,1.68,,,,,,,,,,,,,,,,,,,,,,,,,
CPI-SS0DC2A6D35,IL6_HRH1,simple:P05231,simple:P35367,ENSG00000136244,ENSG00000196639,TRUE,FALSE,TRUE,"IMEx,InnateDB-All,IntAct",FALSE,1.68,,,,,,,,,,,,,,,,,,,,,,,,,
CPI-SS021F26C73,SCT_SCTR,simple:P09683,simple:P47872,ENSG00000070031,ENSG00000080293,TRUE,FALSE,TRUE,guidetopharmacology.org,FALSE,1.68,,,,,,,,,,,,,,,,,,,,,,,,,
CPI-SS05A26A1DE,PDGFB_PDGFRB,simple:P01127,simple:P09619,ENSG00000100311,ENSG00000113721,TRUE,FALSE,TRUE,curated,FALSE,1.68,,,,,,,,,,,,,,,,,,,,,,,,,
CPI-SS0B9E8C0DE,EPHB2_EFNB2,simple:P29323,simple:P52799,ENSG00000133216,ENSG00000125266,FALSE,TRUE,TRUE,curated,FALSE,1.68,,,,,,,,,,,,,,,,,,,,,,,,,
CPI-SS090FC28E1,EPHB6_EFNB2,simple:O15197,simple:P52799,ENSG00000106123,ENSG00000125266,TRUE,TRUE,TRUE,curated,FALSE,1.68,,,,,,,,,,,,,,,,,,,,,,,,,
CPI-SS0BAB460FF,ANGPT2_TEK,simple:O15123,simple:Q02763,ENSG00000091879,ENSG00000120156,TRUE,FALSE,TRUE,curated,FALSE,1.68,,,,,,,,,,,,,,,,,,,,,,,,,
CPI-SS0F3A089DE,SEMA3E_PLXND1,simple:O15041,simple:Q9Y4D7,ENSG00000170381,ENSG00000004399,TRUE,FALSE,TRUE,curated,FALSE,1.68,,,,,,,,,,,,,,,,,,,,,,,,,
CPI-SS0EB5364D4,RSPO3_LGR6,simple:Q9BXY4,simple:Q9HBX8,ENSG00000146374,ENSG00000133067,TRUE,FALSE,TRUE,guidetopharmacology.org,FALSE,1.68,,,,,,,,,,,,,,,,,,,,,,,,,
CPI-SS0E5397537,RSPO1_LGR6,simple:Q2MKA7,simple:Q9HBX8,ENSG00000169218,ENSG00000133067,TRUE,FALSE,TRUE,guidetopharmacology.org,FALSE,1.68,,,,,,,,,,,,,,,,,,,,,,,,,
CPI-SS0057AB387,RSPO1_LGR4,simple:Q2MKA7,simple:Q9BXB1,ENSG00000169218,ENSG00000205213,TRUE,FALSE,TRUE,guidetopharmacology.org,FALSE,1.68,,,,,,,,,,,,,,,,,,,,,,,,,
CPI-SS02572E1EF,NRG1_LGR4,simple:Q02297,simple:Q9BXB1,ENSG00000157168,ENSG00000205213,TRUE,TRUE,TRUE,InnateDB-All,FALSE,1.68,,,,,,,,,,,,,,,,,,,,,,,,,
CPI-SS0E075E5AF,NRG1_NETO2,simple:Q02297,simple:Q8NC67,ENSG00000157168,ENSG00000171208,TRUE,TRUE,TRUE,InnateDB-All,FALSE,1.68,,,,,,,,,,,,,,,,,,,,,,,,,
CPI-SS0708FE6FF,NRG1_LSR,simple:Q02297,simple:Q86X29,ENSG00000157168,ENSG00000105699,TRUE,TRUE,TRUE,InnateDB-All,FALSE,1.68,,,,,,,,,,,,,,,,,,,,,,,,,
CPI-SS0BD5C2A23,NRG1_ERBB4,simple:Q02297,simple:Q15303,ENSG00000157168,ENSG00000178568,TRUE,TRUE,TRUE,curated,FALSE,1.68,,,,,,,,,,,,,,,,,,,,,,,,,
CPI-SS0D5E30C6C,NRG3_ERBB4,simple:P56975,simple:Q15303,ENSG00000185737,ENSG00000178568,TRUE,FALSE,TRUE,curated,FALSE,1.68,,,,,,,,,,,,,,,,,,,,,,,,,
CPI-SS0E063192D,NRG2_ERBB4,simple:O14511,simple:Q15303,ENSG00000158458,ENSG00000178568,TRUE,FALSE,TRUE,curated,FALSE,1.68,,,,,,,,,,,,,,,,,,,,,,,,,
CPI-SS053613259,NRG2_ERBB3,simple:O14511,simple:P21860,ENSG00000158458,ENSG00000065361,TRUE,FALSE,TRUE,curated,FALSE,1.68,,,,,,,,,,,,,,,,,,,,,,,,,
CPI-SS0A28DCA72,CXCL12_CXCR4,simple:P48061,simple:P61073,ENSG00000107562,ENSG00000121966,TRUE,FALSE,TRUE,curated,FALSE,1.68,,,,,,,,,,,,,,,,,,,,,,,,,
CPI-SS05B92CCC4,CCR3_CCL28,simple:P51677,simple:Q9NRJ3,ENSG00000183625,ENSG00000151882,TRUE,TRUE,FALSE,guidetopharmacology.org,FALSE,1.68,,,,,,,,,,,,,,,,,,,,,,,,,
CPI-SS0B186A32C,CCR5_CCL7,simple:P51681,simple:P80098,ENSG00000160791,ENSG00000108688,TRUE,TRUE,FALSE,curated,FALSE,1.68,,,,,,,,,,,,,,,,,,,,,,,,,
CPI-SS0CBA3DA0D,CCR3_CCL7,simple:P51677,simple:P80098,ENSG00000183625,ENSG00000108688,TRUE,TRUE,FALSE,curated,FALSE,1.68,,,,,,,,,,,,,,,,,,,,,,,,,
CPI-SS08B91FD2A,CCR1_CCL7,simple:P32246,simple:P80098,ENSG00000163823,ENSG00000108688,TRUE,TRUE,FALSE,curated,FALSE,1.68,,,,,,,,,,,,,,,,,,,,,,,,,
CPI-SS008EB600F,CCR2_CCL7,simple:P41597,simple:P80098,ENSG00000121807,ENSG00000108688,TRUE,TRUE,FALSE,curated,FALSE,1.68,,,,,,,,,,,,,,,,,,,,,,,,,
CPI-SS0DA291AD9,GPR75_CCL5,simple:O95800,simple:P13501,ENSG00000119737,ENSG00000271503,TRUE,TRUE,FALSE,guidetopharmacology.org,FALSE,1.68,,,,,,,,,,,,,,,,,,,,,,,,,
CPI-SS0111AAD26,EPHB2_EFNB1,simple:P29323,simple:P98172,ENSG00000133216,ENSG00000090776,FALSE,TRUE,FALSE,curated,FALSE,1.68,,,,,,,,,,,,,,,,,,,,,,,,,
CPI-SC090068F7B,TSLP_TSLPR,simple:Q969D9,complex:TSLPR,ENSG00000145777,,TRUE,FALSE,TRUE,curated,FALSE,1.68,,,,,,,,,,,,,,,,,,,,,,,,,
CPI-SS0F21D6CA0,EPHB4_EFNB1,simple:P54760,simple:P98172,ENSG00000196411,ENSG00000090776,FALSE,TRUE,FALSE,curated,FALSE,1.68,,,,,,,,,,,,,,,,,,,,,,,,,
CPI-SS0DA366C78,EPHB2_EFNB3,simple:P29323,simple:Q15768,ENSG00000133216,ENSG00000108947,FALSE,TRUE,TRUE,curated,FALSE,1.68,,,,,,,,,,,,,,,,,,,,,,,,,
CPI-SS03E273233,ADORA2A_ENTPD1,simple:P29274,simple:P49961,ENSG00000128271,ENSG00000138185,FALSE,TRUE,FALSE,curated,FALSE,1.68,,,,,,,,,,,,,,,,,,,,,,,,,
CPI-SS03E48EFEA,C3_C3AR1,simple:P01024,simple:Q16581,ENSG00000125730,ENSG00000171860,TRUE,FALSE,TRUE,guidetopharmacology.org,FALSE,1.68,,,,,,,,,,,,,,,,,,,,,,,,,
CPI-SS0A874F65F,LGR4_RSPO3,simple:Q9BXB1,simple:Q9BXY4,ENSG00000205213,ENSG00000146374,TRUE,TRUE,FALSE,guidetopharmacology.org,FALSE,1.68,,,,,,,,,,,,,,,,,,,,,,,,,
CPI-SS02B567BC7,PLXNC1_SEMA7A,simple:O60486,simple:O75326,ENSG00000136040,ENSG00000138623,FALSE,TRUE,FALSE,curated,FALSE,1.68,,,,,,,,,,,,,,,,,,,,,,,,,
CPI-SS082AD7B6A,FZD6_WNT5A,simple:O60353,simple:P41221,ENSG00000164930,ENSG00000114251,TRUE,TRUE,FALSE,curated,FALSE,1.68,,,,,,,,,,,,,,,,,,,,,,,,,
CPI-SS02371A6D6,VEGFA_EPHB2,simple:P15692,simple:P29323,ENSG00000112715,ENSG00000133216,TRUE,FALSE,TRUE,I2D,FALSE,1.68,,,,,,,,,,,,,,,,,,,,,,,,,
CPI-SS0B9B3870A,VEGFA_FLT1,simple:P15692,simple:P17948,ENSG00000112715,ENSG00000102755,TRUE,FALSE,TRUE,curated,FALSE,1.68,,,,,,,,,,,,,,,,,,,,,,,,,
CPI-SS08A819670,CD70_GPRC5B,simple:P32970,simple:Q9NZH0,ENSG00000125726,ENSG00000167191,TRUE,FALSE,TRUE,InnateDB-All,FALSE,1.68,,,,,,,,,,,,,,,,,,,,,,,,,
CPI-SS02EF3E1BA,TNFSF12_TNFRSF12A,simple:O43508,simple:Q9NP84,ENSG00000239697,ENSG00000006327,TRUE,FALSE,TRUE,curated,FALSE,1.68,,,,,,,,,,,,,,,,,,,,,,,,,
CPI-SS079DDF890,TNFSF12_TNFRSF25,simple:O43508,simple:Q93038,ENSG00000239697,ENSG00000215788,TRUE,FALSE,TRUE,I2D,FALSE,1.68,,,,,,,,,,,,,,,,,,,,,,,,,
CPI-SS09E3F5044,EFNA5_EPHA5,simple:P52803,simple:P54756,ENSG00000184349,ENSG00000145242,FALSE,FALSE,TRUE,curated,FALSE,1.68,,,,,,,,,,,,,,,,,,,,,,,,,
CPI-SS086615F9B,CSF1_CELSR3,simple:P09603,simple:Q9NYQ7,ENSG00000184371,ENSG00000008300,TRUE,FALSE,TRUE,I2D,FALSE,1.68,,,,,,,,,,,,,,,,,,,,,,,,,
CPI-SS09F973C1A,EPHA2_EFNA4,simple:P29317,simple:P52798,ENSG00000142627,ENSG00000243364,TRUE,TRUE,FALSE,curated,FALSE,1.68,,,,,,,,,,,,,,,,,,,,,,,,,
CPI-SS0AB0604B5,EPHA3_EFNA3,simple:P29320,simple:P52797,ENSG00000044524,ENSG00000143590,TRUE,TRUE,FALSE,curated,FALSE,1.68,,,,,,,,,,,,,,,,,,,,,,,,,
CPI-SS07BECB892,EPHA2_EFNA3,simple:P29317,simple:P52797,ENSG00000142627,ENSG00000143590,FALSE,TRUE,FALSE,curated,FALSE,1.68,,,,,,,,,,,,,,,,,,,,,,,,,
CPI-SS0BFD8E056,EFNB2_EPHB1,simple:P52799,simple:P54762,ENSG00000125266,ENSG00000154928,FALSE,TRUE,TRUE,curated,FALSE,1.68,,,,,,,,,,,,,,,,,,,,,,,,,
CPI-SS082ABF1EA,EFNB2_EPHB3,simple:P52799,simple:P54753,ENSG00000125266,ENSG00000182580,FALSE,TRUE,TRUE,curated,FALSE,1.68,,,,,,,,,,,,,,,,,,,,,,,,,
CPI-SS0BEAB521F,EPHA3_EFNA5,simple:P29320,simple:P52803,ENSG00000044524,ENSG00000184349,TRUE,TRUE,FALSE,curated,FALSE,1.68,,,,,,,,,,,,,,,,,,,,,,,,,
CPI-SS02AFCED82,EPHA2_EFNA5,simple:P29317,simple:P52803,ENSG00000142627,ENSG00000184349,FALSE,TRUE,FALSE,curated,FALSE,1.68,,,,,,,,,,,,,,,,,,,,,,,,,
CPI-SS0586F2596,EPHB2_EFNA5,simple:P29323,simple:P52803,ENSG00000133216,ENSG00000184349,FALSE,TRUE,FALSE,curated,FALSE,1.68,,,,,,,,,,,,,,,,,,,,,,,,,
CPI-SS08D0F9109,EFNB2_EPHB4,simple:P52799,simple:P54760,ENSG00000125266,ENSG00000196411,FALSE,TRUE,TRUE,curated,FALSE,1.68,,,,,,,,,,,,,,,,,,,,,,,,,
CPI-SS0865716E5,EPHB4_EFNB3,simple:P54760,simple:Q15768,ENSG00000196411,ENSG00000108947,FALSE,TRUE,TRUE,curated,FALSE,1.68,,,,,,,,,,,,,,,,,,,,,,,,,
CPI-SS041888D39,EPHA3_EFNA4,simple:P29320,simple:P52798,ENSG00000044524,ENSG00000243364,TRUE,TRUE,FALSE,curated,FALSE,1.68,,,,,,,,,,,,,,,,,,,,,,,,,
CPI-SS0008137B6,EFNA4_EPHA5,simple:P52798,simple:P54756,ENSG00000243364,ENSG00000145242,TRUE,FALSE,TRUE,curated,FALSE,1.68,,,,,,,,,,,,,,,,,,,,,,,,,
CPI-SS079EF5D9C,EFNA3_EPHA5,simple:P52797,simple:P54756,ENSG00000143590,ENSG00000145242,FALSE,FALSE,TRUE,curated,FALSE,1.68,,,,,,,,,,,,,,,,,,,,,,,,,
CPI-SS0762B455F,EFNA1_EPHA5,simple:P20827,simple:P54756,ENSG00000169242,ENSG00000145242,TRUE,FALSE,TRUE,curated,FALSE,1.68,,,,,,,,,,,,,,,,,,,,,,,,,
CPI-SS0898D7F7F,TNFRSF10B_TNFSF10,simple:O14763,simple:P50591,ENSG00000120889,ENSG00000121858,TRUE,TRUE,FALSE,curated,FALSE,1.68,,,,,,,,,,,,,,,,,,,,,,,,,
CPI-SS0AD0ED887,TNFRSF11B_TNFSF10,simple:O00300,simple:P50591,ENSG00000164761,ENSG00000121858,TRUE,FALSE,FALSE,curated,FALSE,1.68,,,,,,,,,,,,,,,,,,,,,,,,,
CPI-SS073F3FAD5,WNT5A_ROR1,simple:P41221,simple:Q01973,ENSG00000114251,ENSG00000185483,TRUE,FALSE,TRUE,IMEx,FALSE,1.68,,,,,,,,,,,,,,,,,,,,,,,,,
CPI-SS002673EFE,WNT5A_FZD3,simple:P41221,simple:Q9NPG1,ENSG00000114251,ENSG00000104290,TRUE,FALSE,TRUE,curated,FALSE,1.68,,,,,,,,,,,,,,,,,,,,,,,,,
CPI-SS0E7CBFD03,WNT5A_ROR2,simple:P41221,simple:Q01974,ENSG00000114251,ENSG00000169071,TRUE,FALSE,TRUE,I2D,FALSE,1.68,,,,,,,,,,,,,,,,,,,,,,,,,
CPI-SS0331C5A49,GDF11_ANTXR1,simple:O95390,simple:Q9H6X2,ENSG00000135414,ENSG00000169604,TRUE,FALSE,TRUE,InnateDB-All,FALSE,1.68,,,,,,,,,,,,,,,,,,,,,,,,,
CPI-SS0C56C483F,WNT5A_ANTXR1,simple:P41221,simple:Q9H6X2,ENSG00000114251,ENSG00000169604,TRUE,FALSE,TRUE,InnateDB-All,FALSE,1.68,,,,,,,,,,,,,,,,,,,,,,,,,
CPI-SS028688B7B,EFNA5_EPHA7,simple:P52803,simple:Q15375,ENSG00000184349,ENSG00000135333,FALSE,FALSE,TRUE,curated,FALSE,1.68,,,,,,,,,,,,,,,,,,,,,,,,,
CPI-SS0F81DBF22,EFNA4_EPHA7,simple:P52798,simple:Q15375,ENSG00000243364,ENSG00000135333,TRUE,FALSE,TRUE,curated,FALSE,1.68,,,,,,,,,,,,,,,,,,,,,,,,,
CPI-SS0D5DBB634,EFNA3_EPHA7,simple:P52797,simple:Q15375,ENSG00000143590,ENSG00000135333,FALSE,FALSE,TRUE,curated,FALSE,1.68,,,,,,,,,,,,,,,,,,,,,,,,,
CPI-SS0EBFE1854,EFNA1_EPHA4,simple:P20827,simple:P54764,ENSG00000169242,ENSG00000116106,TRUE,FALSE,TRUE,curated,FALSE,1.68,,,,,,,,,,,,,,,,,,,,,,,,,
CPI-SS03E450F99,EFNA1_EPHA7,simple:P20827,simple:Q15375,ENSG00000169242,ENSG00000135333,TRUE,FALSE,TRUE,curated,FALSE,1.68,,,,,,,,,,,,,,,,,,,,,,,,,
CPI-SS0D4F593F1,WNT5A_EPHA7,simple:P41221,simple:Q15375,ENSG00000114251,ENSG00000135333,TRUE,FALSE,TRUE,InnateDB-All,FALSE,1.68,,,,,,,,,,,,,,,,,,,,,,,,,
CPI-SS05550A895,WNT7A_FZD5,simple:O00755,simple:Q13467,ENSG00000154764,ENSG00000163251,TRUE,FALSE,TRUE,curated,FALSE,1.68,,,,,,,,,,,,,,,,,,,,,,,,,
CPI-SS0E32BEF02,WNT5A_FZD5,simple:P41221,simple:Q13467,ENSG00000114251,ENSG00000163251,TRUE,FALSE,TRUE,curated,FALSE,1.68,,,,,,,,,,,,,,,,,,,,,,,,,
CPI-SS01C2BA5C8,WNT5A_FZD2,simple:P41221,simple:Q14332,ENSG00000114251,ENSG00000180340,TRUE,FALSE,TRUE,curated,FALSE,1.68,,,,,,,,,,,,,,,,,,,,,,,,,
CPI-SS0D81C6C1D,WNT7B_FZD1,simple:P56706,simple:Q9UP38,ENSG00000188064,ENSG00000157240,TRUE,FALSE,TRUE,curated,FALSE,1.68,,,,,,,,,,,,,,,,,,,,,,,,,
CPI-SS0E7523314,WNT3_FZD1,simple:P56703,simple:Q9UP38,ENSG00000108379,ENSG00000157240,TRUE,FALSE,TRUE,I2D,FALSE,1.68,,,,,,,,,,,,,,,,,,,,,,,,,
CPI-SS0CA020C34,WNT4_FZD1,simple:P56705,simple:Q9UP38,ENSG00000162552,ENSG00000157240,TRUE,FALSE,TRUE,I2D,FALSE,1.68,,,,,,,,,,,,,,,,,,,,,,,,,
CPI-SS0B2D5BA95,WNT5A_FZD1,simple:P41221,simple:Q9UP38,ENSG00000114251,ENSG00000157240,TRUE,FALSE,TRUE,curated,FALSE,1.68,,,,,,,,,,,,,,,,,,,,,,,,,
CPI-SS0D782F60B,WNT4_FZD8,simple:P56705,simple:Q9H461,ENSG00000162552,ENSG00000177283,TRUE,FALSE,TRUE,I2D,FALSE,1.68,,,,,,,,,,,,,,,,,,,,,,,,,
CPI-SS0CB4F2FE4,PDGFB_ADGRV1,simple:P01127,simple:Q8WXG9,ENSG00000100311,ENSG00000164199,TRUE,FALSE,TRUE,InnateDB-All,FALSE,1.68,,,,,,,,,,,,,,,,,,,,,,,,,
CPI-SS01DCC7684,EFNA2_EPHA7,simple:O43921,simple:Q15375,ENSG00000099617,ENSG00000135333,FALSE,FALSE,TRUE,curated,FALSE,1.68,,,,,,,,,,,,,,,,,,,,,,,,,
CPI-SS0CB863B46,WNT5A_PTPRK,simple:P41221,simple:Q15262,ENSG00000114251,ENSG00000152894,TRUE,FALSE,TRUE,InnateDB-All,FALSE,1.68,,,,,,,,,,,,,,,,,,,,,,,,,
CPI-SS05B4EB419,EFNA3_EPHA4,simple:P52797,simple:P54764,ENSG00000143590,ENSG00000116106,FALSE,FALSE,TRUE,curated,FALSE,1.68,,,,,,,,,,,,,,,,,,,,,,,,,
CPI-SS0FC01B947,EFNA5_EPHA4,simple:P52803,simple:P54764,ENSG00000184349,ENSG00000116106,FALSE,FALSE,TRUE,curated,FALSE,1.68,,,,,,,,,,,,,,,,,,,,,,,,,
CPI-SS09CA492BA,EFNA1_EPHA3,simple:P20827,simple:P29320,ENSG00000169242,ENSG00000044524,TRUE,FALSE,TRUE,curated,FALSE,1.68,,,,,,,,,,,,,,,,,,,,,,,,,
CPI-SS0C875BA24,EFNA2_EPHA3,simple:O43921,simple:P29320,ENSG00000099617,ENSG00000044524,TRUE,FALSE,TRUE,curated,FALSE,1.68,,,,,,,,,,,,,,,,,,,,,,,,,
CPI-SS046F6F0C1,EFNA1_EPHA2,simple:P20827,simple:P29317,ENSG00000169242,ENSG00000142627,TRUE,FALSE,TRUE,curated,FALSE,1.68,,,,,,,,,,,,,,,,,,,,,,,,,
CPI-SS0A81A3626,WNT7A_LDLR,simple:O00755,simple:P01130,ENSG00000154764,ENSG00000130164,TRUE,FALSE,TRUE,InnateDB-All,FALSE,1.68,,,,,,,,,,,,,,,,,,,,,,,,,
CPI-SS0C412B7DE,CD70_TNFRSF17,simple:P32970,simple:Q02223,ENSG00000125726,ENSG00000048462,TRUE,FALSE,TRUE,InnateDB-All,FALSE,1.68,,,,,,,,,,,,,,,,,,,,,,,,,
CPI-SS0C03F7CDC,VEGFA_KDR,simple:P15692,simple:P35968,ENSG00000112715,ENSG00000128052,TRUE,FALSE,TRUE,curated,FALSE,1.68,,,,,,,,,,,,,,,,,,,,,,,,,
CPI-SS06AA638A8,CD72_SEMA4D,simple:P21854,simple:Q92854,ENSG00000137101,ENSG00000187764,FALSE,FALSE,TRUE,curated,FALSE,1.68,,,,,,,,,,,,,,,,,,,,,,,,,
CPI-SS0CCCF7C69,PLXNB1_SEMA4D,simple:O43157,simple:Q92854,ENSG00000164050,ENSG00000187764,TRUE,TRUE,TRUE,curated,FALSE,1.68,,,,,,,,,,,,,,,,,,,,,,,,,
CPI-SS035E5A708,DLL3_NOTCH3,simple:Q9NYJ7,simple:Q9UM47,ENSG00000090932,ENSG00000074181,FALSE,FALSE,TRUE,curated,FALSE,1.68,,,,,,,,,,,,,,,,,,,,,,,,,
CPI-SS0938C6980,DLL4_NOTCH3,simple:Q9NR61,simple:Q9UM47,ENSG00000128917,ENSG00000074181,FALSE,FALSE,TRUE,curated,FALSE,1.68,,,,,,,,,,,,,,,,,,,,,,,,,
CPI-SS0659DBE72,EFNA4_EPHA4,simple:P52798,simple:P54764,ENSG00000243364,ENSG00000116106,TRUE,FALSE,TRUE,curated,FALSE,1.68,,,,,,,,,,,,,,,,,,,,,,,,,
CPI-SS0F21DBF93,SCGB3A1_NOTCH3,simple:Q96QR1,simple:Q9UM47,ENSG00000161055,ENSG00000074181,TRUE,FALSE,TRUE,InnateDB-All,FALSE,1.68,,,,,,,,,,,,,,,,,,,,,,,,,
CPI-SS047232C64,DLL1_NOTCH3,simple:O00548,simple:Q9UM47,ENSG00000198719,ENSG00000074181,FALSE,FALSE,TRUE,curated,FALSE,1.68,,,,,,,,,,,,,,,,,,,,,,,,,
CPI-SS0837E9F59,JAG1_NOTCH4,simple:P78504,simple:Q99466,ENSG00000101384,ENSG00000204301,FALSE,FALSE,TRUE,curated,FALSE,1.68,,,,,,,,,,,,,,,,,,,,,,,,,
CPI-SS0FB5FE587,DLL1_NOTCH4,simple:O00548,simple:Q99466,ENSG00000198719,ENSG00000204301,FALSE,FALSE,TRUE,curated,FALSE,1.68,,,,,,,,,,,,,,,,,,,,,,,,,
CPI-SS060B82BBC,JAG1_NOTCH2,simple:P78504,simple:Q04721,ENSG00000101384,ENSG00000134250,FALSE,FALSE,TRUE,curated,FALSE,1.68,,,,,,,,,,,,,,,,,,,,,,,,,
CPI-SS0A683CBC1,WNT7B_FZD10,simple:P56706,simple:Q9ULW2,ENSG00000188064,ENSG00000111432,TRUE,FALSE,TRUE,curated,FALSE,1.68,,,,,,,,,,,,,,,,,,,,,,,,,
CPI-SS0B8083B44,WNT7B_FZD4,simple:P56706,simple:Q9ULV1,ENSG00000188064,ENSG00000174804,TRUE,FALSE,TRUE,curated,FALSE,1.68,,,,,,,,,,,,,,,,,,,,,,,,,
CPI-SS016B7C7D6,BMP2_SMO,simple:P12643,simple:Q99835,ENSG00000125845,ENSG00000128602,TRUE,FALSE,TRUE,I2D,FALSE,1.68,,,,,,,,,,,,,,,,,,,,,,,,,
CPI-SS0A69F13A3,WNT4_SMO,simple:P56705,simple:Q99835,ENSG00000162552,ENSG00000128602,TRUE,FALSE,TRUE,I2D,FALSE,1.68,,,,,,,,,,,,,,,,,,,,,,,,,
CPI-SS0D1AE5C79,FGFR3_EPHA4,simple:P22607,simple:P54764,ENSG00000068078,ENSG00000116106,TRUE,TRUE,TRUE,"I2D,InnateDB-All",FALSE,1.68,,,,,,,,,,,,,,,,,,,,,,,,,
CPI-SS087E0E3FB,EFNB2_EPHA4,simple:P52799,simple:P54764,ENSG00000125266,ENSG00000116106,FALSE,TRUE,TRUE,curated,FALSE,1.68,,,,,,,,,,,,,,,,,,,,,,,,,
CPI-SS0B99F22A2,JAG1_NOTCH3,simple:P78504,simple:Q9UM47,ENSG00000101384,ENSG00000074181,FALSE,FALSE,TRUE,curated,FALSE,1.68,,,,,,,,,,,,,,,,,,,,,,,,,
CPI-SC047CEF2DD,CRLF2_TSLPR,simple:Q9HC73,complex:TSLPR,ENSG00000205755,,TRUE,TRUE,TRUE,curated,FALSE,1.68,,,,,,,,,,,,,,,,,,,,,,,,,